-- ----------------------------
-- Records of sys_user
-- ----------------------------
INSERT INTO `sys_user` VALUES ('bef148e608004bd8a72e658fed2f9c9f', NOW(), 'system', b'1', NOW(), 'admin', 0, NULL, 'admin', '$2a$10$.PvkSt3Dxz7wopF.q.jNIecayq/b7BPB5ozELXFHxAJljN1hWbbmS', NULL, 'admin', 0, NULL);


-- ----------------------------
-- Records of sys_role
-- ----------------------------
INSERT INTO `sys_role`(`id`, `role`, `fk_sys_user_id`) VALUES (1, 'ADMIN', 'bef148e608004bd8a72e658fed2f9c9f');


-- ----------------------------
-- Insert sample data
-- ----------------------------

-- ----------------------------
-- Records of flow
-- ----------------------------
INSERT INTO `flow`(`id`, `crt_dttm`, `crt_user`, `enable_flag`, `last_update_dttm`, `last_update_user`, `version`, `description`, `driver_memory`, `executor_cores`, `executor_memory`, `executor_number`, `is_example`, `name`, `uuid`) VALUES ('0c4fdee973824a999e1569770677c020', NOW(), 'admin', b'1', NOW(), 'admin', 0, 'parse xml and csv file， and put data into csv、json and hive table', '1g', '1', '1g', '1', b'1', 'Example1', '0c4fdee973824a999e1569770677c020');
INSERT INTO `flow`(`id`, `crt_dttm`, `crt_user`, `enable_flag`, `last_update_dttm`, `last_update_user`, `version`, `description`, `driver_memory`, `executor_cores`, `executor_memory`, `executor_number`, `is_example`, `name`, `uuid`) VALUES ('c9c77d24b65942fb9665fbdbe8710236', NOW(), 'admin', b'1', NOW(), 'admin', 0, 'dblp parser', '4g', '6', '4g', '3', b'1', 'Example2', 'c9c77d24b65942fb9665fbdbe8710236');


-- ----------------------------
-- Records of mx_graph_model
-- ----------------------------
INSERT INTO `mx_graph_model`(`id`, `crt_dttm`, `crt_user`, `enable_flag`, `last_update_dttm`, `last_update_user`, `version`, `mx_arrows`, `mx_background`, `mx_connect`, `mx_dx`, `mx_dy`, `mx_fold`, `mx_grid`, `mx_gridsize`, `mx_guides`, `mx_page`, `mx_pageheight`, `mx_pagescale`, `mx_pagewidth`, `mx_tooltips`, `fk_flow_id`) VALUES ('d3bff4840a7444e891ee4bf7daf1bb5b', NOW(), 'admin', b'1', NOW(), 'admin', 0, '1', '#ffffff', '1', '1353', '681', '1', '1', '10', '1', '1', '1169', '1', '827', '1', '0c4fdee973824a999e1569770677c020');
INSERT INTO `mx_graph_model`(`id`, `crt_dttm`, `crt_user`, `enable_flag`, `last_update_dttm`, `last_update_user`, `version`, `mx_arrows`, `mx_background`, `mx_connect`, `mx_dx`, `mx_dy`, `mx_fold`, `mx_grid`, `mx_gridsize`, `mx_guides`, `mx_page`, `mx_pageheight`, `mx_pagescale`, `mx_pagewidth`, `mx_tooltips`, `fk_flow_id`) VALUES ('da664942f1db4ad7a42fa54e667385d9', NOW(), 'admin', b'1', NOW(), 'admin', 0, '1', '#ffffff', '1', '1353', '681', '1', '1', '10', '1', '1', '1169', '1', '827', '1', 'c9c77d24b65942fb9665fbdbe8710236');


-- ----------------------------
-- Records of mx_cell
-- ----------------------------
INSERT INTO `mx_cell`(`id`, `crt_dttm`, `crt_user`, `enable_flag`, `last_update_dttm`, `last_update_user`, `version`, `mx_edge`, `mx_pageid`, `mx_parent`, `mx_source`, `mx_style`, `mx_target`, `mx_value`, `mx_vertex`, `fk_mx_graph_id`) VALUES ('0641076d5ae840c09d2be5b71d7fbae3', NOW(), 'admin', b'1', NOW(), 'admin', 0, '1', '106', '1', '89', 'edgeStyle=orthogonalEdgeStyle;rounded=0;html=1;entryX=0.5;entryY=0;jettySize=auto;orthogonalLoop=1;', '90', NULL, NULL, 'da664942f1db4ad7a42fa54e667385d9');
INSERT INTO `mx_cell`(`id`, `crt_dttm`, `crt_user`, `enable_flag`, `last_update_dttm`, `last_update_user`, `version`, `mx_edge`, `mx_pageid`, `mx_parent`, `mx_source`, `mx_style`, `mx_target`, `mx_value`, `mx_vertex`, `fk_mx_graph_id`) VALUES ('07d0527b7098458d8f572c861b6df223', NOW(), 'admin', b'1', NOW(), 'admin', 0, NULL, '86', '1', NULL, 'image;html=1;labelBackgroundColor=#ffffff00;image=/piflow-web/images/PutHiveStreaming_128x128.png', NULL, 'PutHiveStreaming_proceedings', '1', 'da664942f1db4ad7a42fa54e667385d9');
INSERT INTO `mx_cell`(`id`, `crt_dttm`, `crt_user`, `enable_flag`, `last_update_dttm`, `last_update_user`, `version`, `mx_edge`, `mx_pageid`, `mx_parent`, `mx_source`, `mx_style`, `mx_target`, `mx_value`, `mx_vertex`, `fk_mx_graph_id`) VALUES ('0970bc210a8347db9b95499cab5f175a', NOW(), 'admin', b'1', NOW(), 'admin', 0, '1', '100', '1', '74', 'edgeStyle=orthogonalEdgeStyle;rounded=0;html=1;entryX=0.5;entryY=0;jettySize=auto;orthogonalLoop=1;', '48', NULL, NULL, 'da664942f1db4ad7a42fa54e667385d9');
INSERT INTO `mx_cell`(`id`, `crt_dttm`, `crt_user`, `enable_flag`, `last_update_dttm`, `last_update_user`, `version`, `mx_edge`, `mx_pageid`, `mx_parent`, `mx_source`, `mx_style`, `mx_target`, `mx_value`, `mx_vertex`, `fk_mx_graph_id`) VALUES ('0ab5bd6a6b9b4602b62835d3d4960847', NOW(), 'admin', b'1', NOW(), 'admin', 0, '1', '108', '1', '90', 'edgeStyle=orthogonalEdgeStyle;rounded=0;html=1;entryX=0.5;entryY=0;jettySize=auto;orthogonalLoop=1;', '68', NULL, NULL, 'da664942f1db4ad7a42fa54e667385d9');
INSERT INTO `mx_cell`(`id`, `crt_dttm`, `crt_user`, `enable_flag`, `last_update_dttm`, `last_update_user`, `version`, `mx_edge`, `mx_pageid`, `mx_parent`, `mx_source`, `mx_style`, `mx_target`, `mx_value`, `mx_vertex`, `fk_mx_graph_id`) VALUES ('0e8cd6ec84564605b77967ce8476a267', NOW(), 'admin', b'1', NOW(), 'admin', 0, '1', '117', '1', '88', 'edgeStyle=orthogonalEdgeStyle;rounded=0;html=1;entryX=0.5;entryY=0;jettySize=auto;orthogonalLoop=1;', '75', NULL, NULL, 'da664942f1db4ad7a42fa54e667385d9');
INSERT INTO `mx_cell`(`id`, `crt_dttm`, `crt_user`, `enable_flag`, `last_update_dttm`, `last_update_user`, `version`, `mx_edge`, `mx_pageid`, `mx_parent`, `mx_source`, `mx_style`, `mx_target`, `mx_value`, `mx_vertex`, `fk_mx_graph_id`) VALUES ('1160a55474764d1abe471154161e3254', NOW(), 'admin', b'1', NOW(), 'admin', 0, NULL, '59', '1', NULL, 'image;html=1;labelBackgroundColor=#ffffff00;image=/piflow-web/images/XmlParser_128x128.png', NULL, 'XmlParser_incollection', '1', 'da664942f1db4ad7a42fa54e667385d9');
INSERT INTO `mx_cell`(`id`, `crt_dttm`, `crt_user`, `enable_flag`, `last_update_dttm`, `last_update_user`, `version`, `mx_edge`, `mx_pageid`, `mx_parent`, `mx_source`, `mx_style`, `mx_target`, `mx_value`, `mx_vertex`, `fk_mx_graph_id`) VALUES ('11ee64825e284977b6d2f9a663c18096', NOW(), 'admin', b'1', NOW(), 'admin', 0, '1', '109', '1', '68', 'edgeStyle=orthogonalEdgeStyle;rounded=0;html=1;entryX=0.5;entryY=0;jettySize=auto;orthogonalLoop=1;', '62', NULL, NULL, 'da664942f1db4ad7a42fa54e667385d9');
INSERT INTO `mx_cell`(`id`, `crt_dttm`, `crt_user`, `enable_flag`, `last_update_dttm`, `last_update_user`, `version`, `mx_edge`, `mx_pageid`, `mx_parent`, `mx_source`, `mx_style`, `mx_target`, `mx_value`, `mx_vertex`, `fk_mx_graph_id`) VALUES ('1b4334a8d23143a49a257b1c9d41c55b', NOW(), 'admin', b'1', NOW(), 'admin', 0, '1', '113', '1', '49', 'edgeStyle=orthogonalEdgeStyle;rounded=0;html=1;jettySize=auto;orthogonalLoop=1;', '71', NULL, NULL, 'da664942f1db4ad7a42fa54e667385d9');
INSERT INTO `mx_cell`(`id`, `crt_dttm`, `crt_user`, `enable_flag`, `last_update_dttm`, `last_update_user`, `version`, `mx_edge`, `mx_pageid`, `mx_parent`, `mx_source`, `mx_style`, `mx_target`, `mx_value`, `mx_vertex`, `fk_mx_graph_id`) VALUES ('22ca48a05ec7484598bb8ad0f6122dc3', NOW(), 'admin', b'1', NOW(), 'admin', 0, NULL, '66', '1', NULL, 'image;html=1;labelBackgroundColor=#ffffff00;image=/piflow-web/images/ConvertSchema_128x128.png', NULL, 'ConvertSchema_www', '1', 'da664942f1db4ad7a42fa54e667385d9');
INSERT INTO `mx_cell`(`id`, `crt_dttm`, `crt_user`, `enable_flag`, `last_update_dttm`, `last_update_user`, `version`, `mx_edge`, `mx_pageid`, `mx_parent`, `mx_source`, `mx_style`, `mx_target`, `mx_value`, `mx_vertex`, `fk_mx_graph_id`) VALUES ('2654d43c30464a0d901a83fe359532f9', NOW(), 'admin', b'1', NOW(), 'admin', 0, NULL, '3', '1', NULL, 'image;html=1;labelBackgroundColor=#ffffff;image=/piflow-web/images/SelectField_128x128.png', NULL, 'SelectField', '1', 'd3bff4840a7444e891ee4bf7daf1bb5b');
INSERT INTO `mx_cell`(`id`, `crt_dttm`, `crt_user`, `enable_flag`, `last_update_dttm`, `last_update_user`, `version`, `mx_edge`, `mx_pageid`, `mx_parent`, `mx_source`, `mx_style`, `mx_target`, `mx_value`, `mx_vertex`, `fk_mx_graph_id`) VALUES ('2881d99bfdb44daba014b1466eb64007', NOW(), 'admin', b'1', NOW(), 'admin', 0, '1', '14', '1', '9', 'edgeStyle=orthogonalEdgeStyle;rounded=0;html=1;jettySize=auto;orthogonalLoop=1;noEdgeStyle=1;orthogonal=1;', '13', NULL, NULL, 'd3bff4840a7444e891ee4bf7daf1bb5b');
INSERT INTO `mx_cell`(`id`, `crt_dttm`, `crt_user`, `enable_flag`, `last_update_dttm`, `last_update_user`, `version`, `mx_edge`, `mx_pageid`, `mx_parent`, `mx_source`, `mx_style`, `mx_target`, `mx_value`, `mx_vertex`, `fk_mx_graph_id`) VALUES ('28ca0710b42e41799fdb5ea210651064', NOW(), 'admin', b'1', NOW(), 'admin', 0, NULL, '61', '1', NULL, 'image;html=1;labelBackgroundColor=#ffffff00;image=/piflow-web/images/PutHiveStreaming_128x128.png', NULL, 'PutHiveStreaming_incollection', '1', 'da664942f1db4ad7a42fa54e667385d9');
INSERT INTO `mx_cell`(`id`, `crt_dttm`, `crt_user`, `enable_flag`, `last_update_dttm`, `last_update_user`, `version`, `mx_edge`, `mx_pageid`, `mx_parent`, `mx_source`, `mx_style`, `mx_target`, `mx_value`, `mx_vertex`, `fk_mx_graph_id`) VALUES ('29dd643f61e942e094cfb64678ba8224', NOW(), 'admin', b'1', NOW(), 'admin', 0, '1', '7', '1', '3', 'edgeStyle=orthogonalEdgeStyle;rounded=0;html=1;entryX=0.5;entryY=0;jettySize=auto;orthogonalLoop=1;noEdgeStyle=1;orthogonal=1;', '6', NULL, NULL, 'd3bff4840a7444e891ee4bf7daf1bb5b');
INSERT INTO `mx_cell`(`id`, `crt_dttm`, `crt_user`, `enable_flag`, `last_update_dttm`, `last_update_user`, `version`, `mx_edge`, `mx_pageid`, `mx_parent`, `mx_source`, `mx_style`, `mx_target`, `mx_value`, `mx_vertex`, `fk_mx_graph_id`) VALUES ('3467510fa51844e79f4a0267267bc4a7', NOW(), 'admin', b'1', NOW(), 'admin', 0, '1', '95', '1', '55', 'edgeStyle=orthogonalEdgeStyle;rounded=0;html=1;entryX=0.5;entryY=0;jettySize=auto;orthogonalLoop=1;', '58', NULL, NULL, 'da664942f1db4ad7a42fa54e667385d9');
INSERT INTO `mx_cell`(`id`, `crt_dttm`, `crt_user`, `enable_flag`, `last_update_dttm`, `last_update_user`, `version`, `mx_edge`, `mx_pageid`, `mx_parent`, `mx_source`, `mx_style`, `mx_target`, `mx_value`, `mx_vertex`, `fk_mx_graph_id`) VALUES ('34fe9bb7cc0a4e688a3e4ef46877d887', NOW(), 'admin', b'1', NOW(), 'admin', 0, NULL, '50', '1', NULL, 'image;html=1;labelBackgroundColor=#ffffff00;image=/piflow-web/images/PutHiveStreaming_128x128.png', NULL, 'PutHiveStreaming_mastersthesis', '1', 'da664942f1db4ad7a42fa54e667385d9');
INSERT INTO `mx_cell`(`id`, `crt_dttm`, `crt_user`, `enable_flag`, `last_update_dttm`, `last_update_user`, `version`, `mx_edge`, `mx_pageid`, `mx_parent`, `mx_source`, `mx_style`, `mx_target`, `mx_value`, `mx_vertex`, `fk_mx_graph_id`) VALUES ('375c30fd318f432882caf2ae8e26d6cf', NOW(), 'admin', b'1', NOW(), 'admin', 0, NULL, '65', '1', NULL, 'image;html=1;labelBackgroundColor=#ffffff00;image=/piflow-web/images/SelectField_128x128.png', NULL, 'SelectField_proceedings', '1', 'da664942f1db4ad7a42fa54e667385d9');
INSERT INTO `mx_cell`(`id`, `crt_dttm`, `crt_user`, `enable_flag`, `last_update_dttm`, `last_update_user`, `version`, `mx_edge`, `mx_pageid`, `mx_parent`, `mx_source`, `mx_style`, `mx_target`, `mx_value`, `mx_vertex`, `fk_mx_graph_id`) VALUES ('395f42be848442b581bfdafff0e4273f', NOW(), 'admin', b'1', NOW(), 'admin', 0, NULL, '60', '1', NULL, 'image;html=1;labelBackgroundColor=#ffffff00;image=/piflow-web/images/XmlParser_128x128.png', NULL, 'XmlParser_www', '1', 'da664942f1db4ad7a42fa54e667385d9');
INSERT INTO `mx_cell`(`id`, `crt_dttm`, `crt_user`, `enable_flag`, `last_update_dttm`, `last_update_user`, `version`, `mx_edge`, `mx_pageid`, `mx_parent`, `mx_source`, `mx_style`, `mx_target`, `mx_value`, `mx_vertex`, `fk_mx_graph_id`) VALUES ('3b058329ecbd4daf95122c4dc85b9bb3', NOW(), 'admin', b'1', NOW(), 'admin', 0, NULL, '68', '1', NULL, 'image;html=1;labelBackgroundColor=#ffffff00;image=/piflow-web/images/SelectField_128x128.png', NULL, 'SelectField_book', '1', 'da664942f1db4ad7a42fa54e667385d9');
INSERT INTO `mx_cell`(`id`, `crt_dttm`, `crt_user`, `enable_flag`, `last_update_dttm`, `last_update_user`, `version`, `mx_edge`, `mx_pageid`, `mx_parent`, `mx_source`, `mx_style`, `mx_target`, `mx_value`, `mx_vertex`, `fk_mx_graph_id`) VALUES ('3c405dc611f644be923f091fb33d18a6', NOW(), 'admin', b'1', NOW(), 'admin', 0, '1', '129', '1', '85', 'edgeStyle=orthogonalEdgeStyle;rounded=0;html=1;entryX=0.5;entryY=0;jettySize=auto;orthogonalLoop=1;', '76', NULL, NULL, 'da664942f1db4ad7a42fa54e667385d9');
INSERT INTO `mx_cell`(`id`, `crt_dttm`, `crt_user`, `enable_flag`, `last_update_dttm`, `last_update_user`, `version`, `mx_edge`, `mx_pageid`, `mx_parent`, `mx_source`, `mx_style`, `mx_target`, `mx_value`, `mx_vertex`, `fk_mx_graph_id`) VALUES ('3c4e10c0a41c44e581157502d781c1a1', NOW(), 'admin', b'1', NOW(), 'admin', 0, '1', '103', '1', '59', 'edgeStyle=orthogonalEdgeStyle;rounded=0;html=1;entryX=0.5;entryY=0;jettySize=auto;orthogonalLoop=1;', '69', NULL, NULL, 'da664942f1db4ad7a42fa54e667385d9');
INSERT INTO `mx_cell`(`id`, `crt_dttm`, `crt_user`, `enable_flag`, `last_update_dttm`, `last_update_user`, `version`, `mx_edge`, `mx_pageid`, `mx_parent`, `mx_source`, `mx_style`, `mx_target`, `mx_value`, `mx_vertex`, `fk_mx_graph_id`) VALUES ('4289c02b5e0248e2be21ad0be06ded01', NOW(), 'admin', b'1', NOW(), 'admin', 0, '1', '110', '1', '70', 'edgeStyle=orthogonalEdgeStyle;rounded=0;html=1;entryX=0.5;entryY=0;jettySize=auto;orthogonalLoop=1;', '56', NULL, NULL, 'da664942f1db4ad7a42fa54e667385d9');
INSERT INTO `mx_cell`(`id`, `crt_dttm`, `crt_user`, `enable_flag`, `last_update_dttm`, `last_update_user`, `version`, `mx_edge`, `mx_pageid`, `mx_parent`, `mx_source`, `mx_style`, `mx_target`, `mx_value`, `mx_vertex`, `fk_mx_graph_id`) VALUES ('44ad3472208d4697942e8eca0c2b2ca8', NOW(), 'admin', b'1', NOW(), 'admin', 0, NULL, '48', '1', NULL, 'image;html=1;labelBackgroundColor=#ffffff00;image=/piflow-web/images/PutHiveStreaming_128x128.png', NULL, 'PutHiveStreaming_www', '1', 'da664942f1db4ad7a42fa54e667385d9');
INSERT INTO `mx_cell`(`id`, `crt_dttm`, `crt_user`, `enable_flag`, `last_update_dttm`, `last_update_user`, `version`, `mx_edge`, `mx_pageid`, `mx_parent`, `mx_source`, `mx_style`, `mx_target`, `mx_value`, `mx_vertex`, `fk_mx_graph_id`) VALUES ('462723c42b2a4062b75eee40b3c2cc85', NOW(), 'admin', b'1', NOW(), 'admin', 0, NULL, '70', '1', NULL, 'image;html=1;labelBackgroundColor=#ffffff00;image=/piflow-web/images/XmlParser_128x128.png', NULL, 'XmlParser_proceedings', '1', 'da664942f1db4ad7a42fa54e667385d9');
INSERT INTO `mx_cell`(`id`, `crt_dttm`, `crt_user`, `enable_flag`, `last_update_dttm`, `last_update_user`, `version`, `mx_edge`, `mx_pageid`, `mx_parent`, `mx_source`, `mx_style`, `mx_target`, `mx_value`, `mx_vertex`, `fk_mx_graph_id`) VALUES ('487f52a863874fdb99c5678d7bdbc77f', NOW(), 'admin', b'1', NOW(), 'admin', 0, '1', '126', '1', '85', 'edgeStyle=orthogonalEdgeStyle;rounded=0;html=1;entryX=0.5;entryY=0;jettySize=auto;orthogonalLoop=1;', '89', NULL, NULL, 'da664942f1db4ad7a42fa54e667385d9');
INSERT INTO `mx_cell`(`id`, `crt_dttm`, `crt_user`, `enable_flag`, `last_update_dttm`, `last_update_user`, `version`, `mx_edge`, `mx_pageid`, `mx_parent`, `mx_source`, `mx_style`, `mx_target`, `mx_value`, `mx_vertex`, `fk_mx_graph_id`) VALUES ('4ad34d2365d747a1afca5bc353a506e2', NOW(), 'admin', b'1', NOW(), 'admin', 0, '1', '63', '1', '64', 'edgeStyle=orthogonalEdgeStyle;rounded=0;html=1;entryX=0.5;entryY=0;jettySize=auto;orthogonalLoop=1;', '85', NULL, NULL, 'da664942f1db4ad7a42fa54e667385d9');
INSERT INTO `mx_cell`(`id`, `crt_dttm`, `crt_user`, `enable_flag`, `last_update_dttm`, `last_update_user`, `version`, `mx_edge`, `mx_pageid`, `mx_parent`, `mx_source`, `mx_style`, `mx_target`, `mx_value`, `mx_vertex`, `fk_mx_graph_id`) VALUES ('4f5e785b2c71435a88b683c35350bb1d', NOW(), 'admin', b'1', NOW(), 'admin', 0, '1', '105', '1', '52', 'edgeStyle=orthogonalEdgeStyle;rounded=0;html=1;jettySize=auto;orthogonalLoop=1;', '61', NULL, NULL, 'da664942f1db4ad7a42fa54e667385d9');
INSERT INTO `mx_cell`(`id`, `crt_dttm`, `crt_user`, `enable_flag`, `last_update_dttm`, `last_update_user`, `version`, `mx_edge`, `mx_pageid`, `mx_parent`, `mx_source`, `mx_style`, `mx_target`, `mx_value`, `mx_vertex`, `fk_mx_graph_id`) VALUES ('526c2afd7c3c4d1f959967fd0b3bdbaf', NOW(), 'admin', b'1', NOW(), 'admin', 0, '1', '8', '1', '5', 'edgeStyle=orthogonalEdgeStyle;rounded=0;html=1;entryX=0.5;entryY=0;jettySize=auto;orthogonalLoop=1;noEdgeStyle=1;orthogonal=1;', '6', NULL, NULL, 'd3bff4840a7444e891ee4bf7daf1bb5b');
INSERT INTO `mx_cell`(`id`, `crt_dttm`, `crt_user`, `enable_flag`, `last_update_dttm`, `last_update_user`, `version`, `mx_edge`, `mx_pageid`, `mx_parent`, `mx_source`, `mx_style`, `mx_target`, `mx_value`, `mx_vertex`, `fk_mx_graph_id`) VALUES ('5a9886ceed334e9fac966b92588e391b', NOW(), 'admin', b'1', NOW(), 'admin', 0, '1', '128', '1', '85', 'edgeStyle=orthogonalEdgeStyle;rounded=0;html=1;entryX=0.5;entryY=0;jettySize=auto;orthogonalLoop=1;', '49', NULL, NULL, 'da664942f1db4ad7a42fa54e667385d9');
INSERT INTO `mx_cell`(`id`, `crt_dttm`, `crt_user`, `enable_flag`, `last_update_dttm`, `last_update_user`, `version`, `mx_edge`, `mx_pageid`, `mx_parent`, `mx_source`, `mx_style`, `mx_target`, `mx_value`, `mx_vertex`, `fk_mx_graph_id`) VALUES ('5eef4f7e09a34f7e83c946402c8f821c', NOW(), 'admin', b'1', NOW(), 'admin', 0, NULL, '64', '1', NULL, 'image;html=1;labelBackgroundColor=#ffffff00;image=/piflow-web/images/UnzipFilesOnHDFS_128x128.png', NULL, 'UnzipFilesOnHDFS', '1', 'da664942f1db4ad7a42fa54e667385d9');
INSERT INTO `mx_cell`(`id`, `crt_dttm`, `crt_user`, `enable_flag`, `last_update_dttm`, `last_update_user`, `version`, `mx_edge`, `mx_pageid`, `mx_parent`, `mx_source`, `mx_style`, `mx_target`, `mx_value`, `mx_vertex`, `fk_mx_graph_id`) VALUES ('5f385f2b426b4b84ae01c891e0ba650d', NOW(), 'admin', b'1', NOW(), 'admin', 0, '1', '4', '1', '2', 'edgeStyle=orthogonalEdgeStyle;rounded=0;html=1;jettySize=auto;orthogonalLoop=1;noEdgeStyle=1;orthogonal=1;', '3', NULL, NULL, 'd3bff4840a7444e891ee4bf7daf1bb5b');
INSERT INTO `mx_cell`(`id`, `crt_dttm`, `crt_user`, `enable_flag`, `last_update_dttm`, `last_update_user`, `version`, `mx_edge`, `mx_pageid`, `mx_parent`, `mx_source`, `mx_style`, `mx_target`, `mx_value`, `mx_vertex`, `fk_mx_graph_id`) VALUES ('6539017b0a2f4f989c6ba5b09bd8fb03', NOW(), 'admin', b'1', NOW(), 'admin', 0, '1', '12', '1', '9', 'edgeStyle=orthogonalEdgeStyle;rounded=0;html=1;jettySize=auto;orthogonalLoop=1;noEdgeStyle=1;orthogonal=1;', '11', NULL, NULL, 'd3bff4840a7444e891ee4bf7daf1bb5b');
INSERT INTO `mx_cell`(`id`, `crt_dttm`, `crt_user`, `enable_flag`, `last_update_dttm`, `last_update_user`, `version`, `mx_edge`, `mx_pageid`, `mx_parent`, `mx_source`, `mx_style`, `mx_target`, `mx_value`, `mx_vertex`, `fk_mx_graph_id`) VALUES ('6627427da05d4bb380becf49535476fa', NOW(), 'admin', b'1', NOW(), 'admin', 0, NULL, '85', '1', NULL, 'image;html=1;labelBackgroundColor=#ffffff00;image=/piflow-web/images/Fork_128x128.png', NULL, 'Fork', '1', 'da664942f1db4ad7a42fa54e667385d9');
INSERT INTO `mx_cell`(`id`, `crt_dttm`, `crt_user`, `enable_flag`, `last_update_dttm`, `last_update_user`, `version`, `mx_edge`, `mx_pageid`, `mx_parent`, `mx_source`, `mx_style`, `mx_target`, `mx_value`, `mx_vertex`, `fk_mx_graph_id`) VALUES ('6c435e7466aa42128b3c2dc8392510e6', NOW(), 'admin', b'1', NOW(), 'admin', 0, NULL, '89', '1', NULL, 'image;html=1;labelBackgroundColor=#ffffff00;image=/piflow-web/images/XmlParser_128x128.png', NULL, 'XmlParser_book', '1', 'da664942f1db4ad7a42fa54e667385d9');
INSERT INTO `mx_cell`(`id`, `crt_dttm`, `crt_user`, `enable_flag`, `last_update_dttm`, `last_update_user`, `version`, `mx_edge`, `mx_pageid`, `mx_parent`, `mx_source`, `mx_style`, `mx_target`, `mx_value`, `mx_vertex`, `fk_mx_graph_id`) VALUES ('6c824369ae194c52ba2827207b021f67', NOW(), 'admin', b'1', NOW(), 'admin', 0, '1', '118', '1', '75', 'edgeStyle=orthogonalEdgeStyle;rounded=0;html=1;entryX=0.5;entryY=0;jettySize=auto;orthogonalLoop=1;', '51', NULL, NULL, 'da664942f1db4ad7a42fa54e667385d9');
INSERT INTO `mx_cell`(`id`, `crt_dttm`, `crt_user`, `enable_flag`, `last_update_dttm`, `last_update_user`, `version`, `mx_edge`, `mx_pageid`, `mx_parent`, `mx_source`, `mx_style`, `mx_target`, `mx_value`, `mx_vertex`, `fk_mx_graph_id`) VALUES ('6d58cc47f3e94a708d5b719e75b06d46', NOW(), 'admin', b'1', NOW(), 'admin', 0, NULL, '11', '1', NULL, 'image;html=1;labelBackgroundColor=#ffffff;image=/piflow-web/images/PutHiveStreaming_128x128.png', NULL, 'PutHiveStreaming', '1', 'd3bff4840a7444e891ee4bf7daf1bb5b');
INSERT INTO `mx_cell`(`id`, `crt_dttm`, `crt_user`, `enable_flag`, `last_update_dttm`, `last_update_user`, `version`, `mx_edge`, `mx_pageid`, `mx_parent`, `mx_source`, `mx_style`, `mx_target`, `mx_value`, `mx_vertex`, `fk_mx_graph_id`) VALUES ('73bce97f54594ff081e99ed3f7f91572', NOW(), 'admin', b'1', NOW(), 'admin', 0, NULL, '0', '', NULL, NULL, NULL, NULL, NULL, 'da664942f1db4ad7a42fa54e667385d9');
INSERT INTO `mx_cell`(`id`, `crt_dttm`, `crt_user`, `enable_flag`, `last_update_dttm`, `last_update_user`, `version`, `mx_edge`, `mx_pageid`, `mx_parent`, `mx_source`, `mx_style`, `mx_target`, `mx_value`, `mx_vertex`, `fk_mx_graph_id`) VALUES ('766a0b5df6de4c03b65fe94ead973b83', NOW(), 'admin', b'1', NOW(), 'admin', 0, NULL, '49', '1', NULL, 'image;html=1;labelBackgroundColor=#ffffff00;image=/piflow-web/images/XmlParser_128x128.png', NULL, 'XmlParser_inproceedings', '1', 'da664942f1db4ad7a42fa54e667385d9');
INSERT INTO `mx_cell`(`id`, `crt_dttm`, `crt_user`, `enable_flag`, `last_update_dttm`, `last_update_user`, `version`, `mx_edge`, `mx_pageid`, `mx_parent`, `mx_source`, `mx_style`, `mx_target`, `mx_value`, `mx_vertex`, `fk_mx_graph_id`) VALUES ('791719f8153e42a7b4549287e12d9e1c', NOW(), 'admin', b'1', NOW(), 'admin', 0, '1', '98', '1', '60', 'edgeStyle=orthogonalEdgeStyle;rounded=0;html=1;jettySize=auto;orthogonalLoop=1;', '66', NULL, NULL, 'da664942f1db4ad7a42fa54e667385d9');
INSERT INTO `mx_cell`(`id`, `crt_dttm`, `crt_user`, `enable_flag`, `last_update_dttm`, `last_update_user`, `version`, `mx_edge`, `mx_pageid`, `mx_parent`, `mx_source`, `mx_style`, `mx_target`, `mx_value`, `mx_vertex`, `fk_mx_graph_id`) VALUES ('7a10ea3b94784b98869a5ec02058f3ca', NOW(), 'admin', b'1', NOW(), 'admin', 0, '1', '125', '1', '85', 'edgeStyle=orthogonalEdgeStyle;rounded=0;html=1;entryX=0.5;entryY=0;jettySize=auto;orthogonalLoop=1;', '59', NULL, NULL, 'da664942f1db4ad7a42fa54e667385d9');
INSERT INTO `mx_cell`(`id`, `crt_dttm`, `crt_user`, `enable_flag`, `last_update_dttm`, `last_update_user`, `version`, `mx_edge`, `mx_pageid`, `mx_parent`, `mx_source`, `mx_style`, `mx_target`, `mx_value`, `mx_vertex`, `fk_mx_graph_id`) VALUES ('7a3194ce39ff4543845fbfa4c5246a93', NOW(), 'admin', b'1', NOW(), 'admin', 0, NULL, '56', '1', NULL, 'image;html=1;labelBackgroundColor=#ffffff00;image=/piflow-web/images/ConvertSchema_128x128.png', NULL, 'ConvertSchema_proceedings', '1', 'da664942f1db4ad7a42fa54e667385d9');
INSERT INTO `mx_cell`(`id`, `crt_dttm`, `crt_user`, `enable_flag`, `last_update_dttm`, `last_update_user`, `version`, `mx_edge`, `mx_pageid`, `mx_parent`, `mx_source`, `mx_style`, `mx_target`, `mx_value`, `mx_vertex`, `fk_mx_graph_id`) VALUES ('7a3e4d9f12a74675a0ebb8ffc8981b4a', NOW(), 'admin', b'1', NOW(), 'admin', 0, NULL, '1', '0', NULL, NULL, NULL, NULL, NULL, 'da664942f1db4ad7a42fa54e667385d9');
INSERT INTO `mx_cell`(`id`, `crt_dttm`, `crt_user`, `enable_flag`, `last_update_dttm`, `last_update_user`, `version`, `mx_edge`, `mx_pageid`, `mx_parent`, `mx_source`, `mx_style`, `mx_target`, `mx_value`, `mx_vertex`, `fk_mx_graph_id`) VALUES ('7b7b3f01ba7341eb8ae14dbea5ba1464', NOW(), 'admin', b'1', NOW(), 'admin', 0, NULL, '76', '1', NULL, 'image;html=1;labelBackgroundColor=#ffffff00;image=/piflow-web/images/XmlParser_128x128.png', NULL, 'XmlParser_article', '1', 'da664942f1db4ad7a42fa54e667385d9');
INSERT INTO `mx_cell`(`id`, `crt_dttm`, `crt_user`, `enable_flag`, `last_update_dttm`, `last_update_user`, `version`, `mx_edge`, `mx_pageid`, `mx_parent`, `mx_source`, `mx_style`, `mx_target`, `mx_value`, `mx_vertex`, `fk_mx_graph_id`) VALUES ('7ca092885b374898b5570384748078f6', NOW(), 'admin', b'1', NOW(), 'admin', 0, '1', '94', '1', '91', 'edgeStyle=orthogonalEdgeStyle;rounded=0;html=1;entryX=0.5;entryY=0;jettySize=auto;orthogonalLoop=1;', '73', NULL, NULL, 'da664942f1db4ad7a42fa54e667385d9');
INSERT INTO `mx_cell`(`id`, `crt_dttm`, `crt_user`, `enable_flag`, `last_update_dttm`, `last_update_user`, `version`, `mx_edge`, `mx_pageid`, `mx_parent`, `mx_source`, `mx_style`, `mx_target`, `mx_value`, `mx_vertex`, `fk_mx_graph_id`) VALUES ('7dee73b470864facaceb74a253d7e5ca', NOW(), 'admin', b'1', NOW(), 'admin', 0, NULL, '71', '1', NULL, 'image;html=1;labelBackgroundColor=#ffffff00;image=/piflow-web/images/ConvertSchema_128x128.png', NULL, 'ConvertSchema_inproceedings', '1', 'da664942f1db4ad7a42fa54e667385d9');
INSERT INTO `mx_cell`(`id`, `crt_dttm`, `crt_user`, `enable_flag`, `last_update_dttm`, `last_update_user`, `version`, `mx_edge`, `mx_pageid`, `mx_parent`, `mx_source`, `mx_style`, `mx_target`, `mx_value`, `mx_vertex`, `fk_mx_graph_id`) VALUES ('90ce3539c17e40fbae2c41e218af35a8', NOW(), 'admin', b'1', NOW(), 'admin', 0, '1', '115', '1', '87', 'edgeStyle=orthogonalEdgeStyle;rounded=0;html=1;entryX=0.5;entryY=0;jettySize=auto;orthogonalLoop=1;', '54', NULL, NULL, 'da664942f1db4ad7a42fa54e667385d9');
INSERT INTO `mx_cell`(`id`, `crt_dttm`, `crt_user`, `enable_flag`, `last_update_dttm`, `last_update_user`, `version`, `mx_edge`, `mx_pageid`, `mx_parent`, `mx_source`, `mx_style`, `mx_target`, `mx_value`, `mx_vertex`, `fk_mx_graph_id`) VALUES ('910549a2c6e040ddbffff58f877522e5', NOW(), 'admin', b'1', NOW(), 'admin', 0, NULL, '54', '1', NULL, 'image;html=1;labelBackgroundColor=#ffffff00;image=/piflow-web/images/PutHiveStreaming_128x128.png', NULL, 'PutHiveStreaming_inproceedings', '1', 'da664942f1db4ad7a42fa54e667385d9');
INSERT INTO `mx_cell`(`id`, `crt_dttm`, `crt_user`, `enable_flag`, `last_update_dttm`, `last_update_user`, `version`, `mx_edge`, `mx_pageid`, `mx_parent`, `mx_source`, `mx_style`, `mx_target`, `mx_value`, `mx_vertex`, `fk_mx_graph_id`) VALUES ('92a66a249a614d72972b3fe79ed0d323', NOW(), 'admin', b'1', NOW(), 'admin', 0, NULL, '58', '1', NULL, 'image;html=1;labelBackgroundColor=#ffffff00;image=/piflow-web/images/ConvertSchema_128x128.png', NULL, 'ConvertSchema_mastersthesis', '1', 'da664942f1db4ad7a42fa54e667385d9');
INSERT INTO `mx_cell`(`id`, `crt_dttm`, `crt_user`, `enable_flag`, `last_update_dttm`, `last_update_user`, `version`, `mx_edge`, `mx_pageid`, `mx_parent`, `mx_source`, `mx_style`, `mx_target`, `mx_value`, `mx_vertex`, `fk_mx_graph_id`) VALUES ('936f342cb22d4ba59f7f15983464801f', NOW(), 'admin', b'1', NOW(), 'admin', 0, '1', '104', '1', '69', 'edgeStyle=orthogonalEdgeStyle;rounded=0;html=1;entryX=0.5;entryY=0;jettySize=auto;orthogonalLoop=1;', '52', NULL, NULL, 'da664942f1db4ad7a42fa54e667385d9');
INSERT INTO `mx_cell`(`id`, `crt_dttm`, `crt_user`, `enable_flag`, `last_update_dttm`, `last_update_user`, `version`, `mx_edge`, `mx_pageid`, `mx_parent`, `mx_source`, `mx_style`, `mx_target`, `mx_value`, `mx_vertex`, `fk_mx_graph_id`) VALUES ('94d88ea4a5df4063a6e51bb4b0d39f94', NOW(), 'admin', b'1', NOW(), 'admin', 0, '1', '114', '1', '71', 'edgeStyle=orthogonalEdgeStyle;rounded=0;html=1;entryX=0.5;entryY=0;jettySize=auto;orthogonalLoop=1;', '87', NULL, NULL, 'da664942f1db4ad7a42fa54e667385d9');
INSERT INTO `mx_cell`(`id`, `crt_dttm`, `crt_user`, `enable_flag`, `last_update_dttm`, `last_update_user`, `version`, `mx_edge`, `mx_pageid`, `mx_parent`, `mx_source`, `mx_style`, `mx_target`, `mx_value`, `mx_vertex`, `fk_mx_graph_id`) VALUES ('96a1b41428ef4bd68f04ec6b5060cc49', NOW(), 'admin', b'1', NOW(), 'admin', 0, NULL, '51', '1', NULL, 'image;html=1;labelBackgroundColor=#ffffff00;image=/piflow-web/images/PutHiveStreaming_128x128.png', NULL, 'PutHiveStreaming_article', '1', 'da664942f1db4ad7a42fa54e667385d9');
INSERT INTO `mx_cell`(`id`, `crt_dttm`, `crt_user`, `enable_flag`, `last_update_dttm`, `last_update_user`, `version`, `mx_edge`, `mx_pageid`, `mx_parent`, `mx_source`, `mx_style`, `mx_target`, `mx_value`, `mx_vertex`, `fk_mx_graph_id`) VALUES ('9a241dbbca654766985c49ccb82806b7', NOW(), 'admin', b'1', NOW(), 'admin', 0, NULL, '88', '1', NULL, 'image;html=1;labelBackgroundColor=#ffffff00;image=/piflow-web/images/ConvertSchema_128x128.png', NULL, 'ConvertSchema_article', '1', 'da664942f1db4ad7a42fa54e667385d9');
INSERT INTO `mx_cell`(`id`, `crt_dttm`, `crt_user`, `enable_flag`, `last_update_dttm`, `last_update_user`, `version`, `mx_edge`, `mx_pageid`, `mx_parent`, `mx_source`, `mx_style`, `mx_target`, `mx_value`, `mx_vertex`, `fk_mx_graph_id`) VALUES ('a41d988fd9eb451e97d8ad233d8b2052', NOW(), 'admin', b'1', NOW(), 'admin', 0, '1', '124', '1', '85', 'edgeStyle=orthogonalEdgeStyle;rounded=0;html=1;entryX=0.5;entryY=0;jettySize=auto;orthogonalLoop=1;', '60', NULL, NULL, 'da664942f1db4ad7a42fa54e667385d9');
INSERT INTO `mx_cell`(`id`, `crt_dttm`, `crt_user`, `enable_flag`, `last_update_dttm`, `last_update_user`, `version`, `mx_edge`, `mx_pageid`, `mx_parent`, `mx_source`, `mx_style`, `mx_target`, `mx_value`, `mx_vertex`, `fk_mx_graph_id`) VALUES ('a46a378925ce42db891e153d4db77581', NOW(), 'admin', b'1', NOW(), 'admin', 0, NULL, '62', '1', NULL, 'image;html=1;labelBackgroundColor=#ffffff00;image=/piflow-web/images/PutHiveStreaming_128x128.png', NULL, 'PutHiveStreaming_book', '1', 'da664942f1db4ad7a42fa54e667385d9');
INSERT INTO `mx_cell`(`id`, `crt_dttm`, `crt_user`, `enable_flag`, `last_update_dttm`, `last_update_user`, `version`, `mx_edge`, `mx_pageid`, `mx_parent`, `mx_source`, `mx_style`, `mx_target`, `mx_value`, `mx_vertex`, `fk_mx_graph_id`) VALUES ('a5a2552a68b24d4da2c664ec08a4b27c', NOW(), 'admin', b'1', NOW(), 'admin', 0, NULL, '13', '1', NULL, 'image;html=1;labelBackgroundColor=#ffffff;image=/piflow-web/images/CsvSave_128x128.png', NULL, 'CsvSave', '1', 'd3bff4840a7444e891ee4bf7daf1bb5b');
INSERT INTO `mx_cell`(`id`, `crt_dttm`, `crt_user`, `enable_flag`, `last_update_dttm`, `last_update_user`, `version`, `mx_edge`, `mx_pageid`, `mx_parent`, `mx_source`, `mx_style`, `mx_target`, `mx_value`, `mx_vertex`, `fk_mx_graph_id`) VALUES ('a5da878107cc48a4b3c891eef0f7c126', NOW(), 'admin', b'1', NOW(), 'admin', 0, NULL, '87', '1', NULL, 'image;html=1;labelBackgroundColor=#ffffff00;image=/piflow-web/images/SelectField_128x128.png', NULL, 'SelectField_inproceedings', '1', 'da664942f1db4ad7a42fa54e667385d9');
INSERT INTO `mx_cell`(`id`, `crt_dttm`, `crt_user`, `enable_flag`, `last_update_dttm`, `last_update_user`, `version`, `mx_edge`, `mx_pageid`, `mx_parent`, `mx_source`, `mx_style`, `mx_target`, `mx_value`, `mx_vertex`, `fk_mx_graph_id`) VALUES ('a90f684911d746ed9ca5205a229e8ec0', NOW(), 'admin', b'1', NOW(), 'admin', 0, NULL, '130', '1', NULL, 'image;html=1;labelBackgroundColor=#ffffff00;image=/piflow-web/images/FileDownHDFS_128x128.png', NULL, 'FileDownHDFS', '1', 'da664942f1db4ad7a42fa54e667385d9');
INSERT INTO `mx_cell`(`id`, `crt_dttm`, `crt_user`, `enable_flag`, `last_update_dttm`, `last_update_user`, `version`, `mx_edge`, `mx_pageid`, `mx_parent`, `mx_source`, `mx_style`, `mx_target`, `mx_value`, `mx_vertex`, `fk_mx_graph_id`) VALUES ('ac19da587f5240d8b4d9fdb8a03288e4', NOW(), 'admin', b'1', NOW(), 'admin', 0, NULL, '5', '1', NULL, 'image;html=1;labelBackgroundColor=#ffffff;image=/piflow-web/images/CsvParser_128x128.png', NULL, 'CsvParser', '1', 'd3bff4840a7444e891ee4bf7daf1bb5b');
INSERT INTO `mx_cell`(`id`, `crt_dttm`, `crt_user`, `enable_flag`, `last_update_dttm`, `last_update_user`, `version`, `mx_edge`, `mx_pageid`, `mx_parent`, `mx_source`, `mx_style`, `mx_target`, `mx_value`, `mx_vertex`, `fk_mx_graph_id`) VALUES ('b3051ee8ddb44f38b6f937e546f935c8', NOW(), 'admin', b'1', NOW(), 'admin', 0, '1', '96', '1', '58', 'edgeStyle=orthogonalEdgeStyle;rounded=0;html=1;entryX=0.5;entryY=0;jettySize=auto;orthogonalLoop=1;', '72', NULL, NULL, 'da664942f1db4ad7a42fa54e667385d9');
INSERT INTO `mx_cell`(`id`, `crt_dttm`, `crt_user`, `enable_flag`, `last_update_dttm`, `last_update_user`, `version`, `mx_edge`, `mx_pageid`, `mx_parent`, `mx_source`, `mx_style`, `mx_target`, `mx_value`, `mx_vertex`, `fk_mx_graph_id`) VALUES ('b5b5d35c6ee34a17b2582a184046b0b1', NOW(), 'admin', b'1', NOW(), 'admin', 0, NULL, '74', '1', NULL, 'image;html=1;labelBackgroundColor=#ffffff00;image=/piflow-web/images/SelectField_128x128.png', NULL, 'SelectField_www', '1', 'da664942f1db4ad7a42fa54e667385d9');
INSERT INTO `mx_cell`(`id`, `crt_dttm`, `crt_user`, `enable_flag`, `last_update_dttm`, `last_update_user`, `version`, `mx_edge`, `mx_pageid`, `mx_parent`, `mx_source`, `mx_style`, `mx_target`, `mx_value`, `mx_vertex`, `fk_mx_graph_id`) VALUES ('b984a09bf722453185a691aff96f9dd4', NOW(), 'admin', b'1', NOW(), 'admin', 0, NULL, '57', '1', NULL, 'image;html=1;labelBackgroundColor=#ffffff00;image=/piflow-web/images/ConvertSchema_128x128.png', NULL, 'ConvertSchema_phdthesis', '1', 'da664942f1db4ad7a42fa54e667385d9');
INSERT INTO `mx_cell`(`id`, `crt_dttm`, `crt_user`, `enable_flag`, `last_update_dttm`, `last_update_user`, `version`, `mx_edge`, `mx_pageid`, `mx_parent`, `mx_source`, `mx_style`, `mx_target`, `mx_value`, `mx_vertex`, `fk_mx_graph_id`) VALUES ('bc30534cd7ef455f8c4851e0babd6c1f', NOW(), 'admin', b'1', NOW(), 'admin', 0, NULL, '2', '1', NULL, 'image;html=1;labelBackgroundColor=#ffffff;image=/piflow-web/images/XmlParser_128x128.png', NULL, 'XmlParser', '1', 'd3bff4840a7444e891ee4bf7daf1bb5b');
INSERT INTO `mx_cell`(`id`, `crt_dttm`, `crt_user`, `enable_flag`, `last_update_dttm`, `last_update_user`, `version`, `mx_edge`, `mx_pageid`, `mx_parent`, `mx_source`, `mx_style`, `mx_target`, `mx_value`, `mx_vertex`, `fk_mx_graph_id`) VALUES ('c3ca1be73f0343c7a9e5145a11957578', NOW(), 'admin', b'1', NOW(), 'admin', 0, '1', '112', '1', '65', 'edgeStyle=orthogonalEdgeStyle;rounded=0;html=1;entryX=0.5;entryY=0;jettySize=auto;orthogonalLoop=1;', '86', NULL, NULL, 'da664942f1db4ad7a42fa54e667385d9');
INSERT INTO `mx_cell`(`id`, `crt_dttm`, `crt_user`, `enable_flag`, `last_update_dttm`, `last_update_user`, `version`, `mx_edge`, `mx_pageid`, `mx_parent`, `mx_source`, `mx_style`, `mx_target`, `mx_value`, `mx_vertex`, `fk_mx_graph_id`) VALUES ('c4009c838e454395a51556c249177309', NOW(), 'admin', b'1', NOW(), 'admin', 0, '1', '111', '1', '56', 'edgeStyle=orthogonalEdgeStyle;rounded=0;html=1;entryX=0.5;entryY=0;jettySize=auto;orthogonalLoop=1;', '65', NULL, NULL, 'da664942f1db4ad7a42fa54e667385d9');
INSERT INTO `mx_cell`(`id`, `crt_dttm`, `crt_user`, `enable_flag`, `last_update_dttm`, `last_update_user`, `version`, `mx_edge`, `mx_pageid`, `mx_parent`, `mx_source`, `mx_style`, `mx_target`, `mx_value`, `mx_vertex`, `fk_mx_graph_id`) VALUES ('c4b113e9f7624b2cbd5b52591ff2e5e1', NOW(), 'admin', b'1', NOW(), 'admin', 0, '1', '138', '1', '130', 'edgeStyle=orthogonalEdgeStyle;rounded=0;html=1;entryX=0.5;entryY=0;jettySize=auto;orthogonalLoop=1;', '64', NULL, NULL, 'da664942f1db4ad7a42fa54e667385d9');
INSERT INTO `mx_cell`(`id`, `crt_dttm`, `crt_user`, `enable_flag`, `last_update_dttm`, `last_update_user`, `version`, `mx_edge`, `mx_pageid`, `mx_parent`, `mx_source`, `mx_style`, `mx_target`, `mx_value`, `mx_vertex`, `fk_mx_graph_id`) VALUES ('c88fe09bb8b34fb98bb5c2053cabe435', NOW(), 'admin', b'1', NOW(), 'admin', 0, NULL, '6', '1', NULL, 'image;html=1;labelBackgroundColor=#ffffff;image=/piflow-web/images/Merge_128x128.png', NULL, 'Merge', '1', 'd3bff4840a7444e891ee4bf7daf1bb5b');
INSERT INTO `mx_cell`(`id`, `crt_dttm`, `crt_user`, `enable_flag`, `last_update_dttm`, `last_update_user`, `version`, `mx_edge`, `mx_pageid`, `mx_parent`, `mx_source`, `mx_style`, `mx_target`, `mx_value`, `mx_vertex`, `fk_mx_graph_id`) VALUES ('c8b3ea9fae534faeb0fcd78f3bea4502', NOW(), 'admin', b'1', NOW(), 'admin', 0, NULL, '73', '1', NULL, 'image;html=1;labelBackgroundColor=#ffffff00;image=/piflow-web/images/PutHiveStreaming_128x128.png', NULL, 'PutHiveStreaming_phdthesis', '1', 'da664942f1db4ad7a42fa54e667385d9');
INSERT INTO `mx_cell`(`id`, `crt_dttm`, `crt_user`, `enable_flag`, `last_update_dttm`, `last_update_user`, `version`, `mx_edge`, `mx_pageid`, `mx_parent`, `mx_source`, `mx_style`, `mx_target`, `mx_value`, `mx_vertex`, `fk_mx_graph_id`) VALUES ('c944d3896e054e71820d922d914bf2dd', NOW(), 'admin', b'1', NOW(), 'admin', 0, NULL, '52', '1', NULL, 'image;html=1;labelBackgroundColor=#ffffff00;image=/piflow-web/images/SelectField_128x128.png', NULL, 'SelectField_incollection', '1', 'da664942f1db4ad7a42fa54e667385d9');
INSERT INTO `mx_cell`(`id`, `crt_dttm`, `crt_user`, `enable_flag`, `last_update_dttm`, `last_update_user`, `version`, `mx_edge`, `mx_pageid`, `mx_parent`, `mx_source`, `mx_style`, `mx_target`, `mx_value`, `mx_vertex`, `fk_mx_graph_id`) VALUES ('cb74262c633c4bd695d8c399ce2bec69', NOW(), 'admin', b'1', NOW(), 'admin', 0, NULL, '90', '1', NULL, 'image;html=1;labelBackgroundColor=#ffffff00;image=/piflow-web/images/ConvertSchema_128x128.png', NULL, 'ConvertSchema_book', '1', 'da664942f1db4ad7a42fa54e667385d9');
INSERT INTO `mx_cell`(`id`, `crt_dttm`, `crt_user`, `enable_flag`, `last_update_dttm`, `last_update_user`, `version`, `mx_edge`, `mx_pageid`, `mx_parent`, `mx_source`, `mx_style`, `mx_target`, `mx_value`, `mx_vertex`, `fk_mx_graph_id`) VALUES ('cc3b89587fa847d298467a2622d94560', NOW(), 'admin', b'1', NOW(), 'admin', 0, '1', '123', '1', '85', 'edgeStyle=orthogonalEdgeStyle;rounded=0;html=1;entryX=0.5;entryY=0;jettySize=auto;orthogonalLoop=1;', '55', NULL, NULL, 'da664942f1db4ad7a42fa54e667385d9');
INSERT INTO `mx_cell`(`id`, `crt_dttm`, `crt_user`, `enable_flag`, `last_update_dttm`, `last_update_user`, `version`, `mx_edge`, `mx_pageid`, `mx_parent`, `mx_source`, `mx_style`, `mx_target`, `mx_value`, `mx_vertex`, `fk_mx_graph_id`) VALUES ('cfb258b23b7c421a9190c9070bdd5d26', NOW(), 'admin', b'1', NOW(), 'admin', 0, '1', '16', '1', '9', 'edgeStyle=orthogonalEdgeStyle;rounded=0;html=1;noEdgeStyle=1;orthogonal=1;', '15', NULL, NULL, 'd3bff4840a7444e891ee4bf7daf1bb5b');
INSERT INTO `mx_cell`(`id`, `crt_dttm`, `crt_user`, `enable_flag`, `last_update_dttm`, `last_update_user`, `version`, `mx_edge`, `mx_pageid`, `mx_parent`, `mx_source`, `mx_style`, `mx_target`, `mx_value`, `mx_vertex`, `fk_mx_graph_id`) VALUES ('d127cb00f537498e9ee4a79de39e4974', NOW(), 'admin', b'1', NOW(), 'admin', 0, NULL, '75', '1', NULL, 'image;html=1;labelBackgroundColor=#ffffff00;image=/piflow-web/images/SelectField_128x128.png', NULL, 'SelectField_article', '1', 'da664942f1db4ad7a42fa54e667385d9');
INSERT INTO `mx_cell`(`id`, `crt_dttm`, `crt_user`, `enable_flag`, `last_update_dttm`, `last_update_user`, `version`, `mx_edge`, `mx_pageid`, `mx_parent`, `mx_source`, `mx_style`, `mx_target`, `mx_value`, `mx_vertex`, `fk_mx_graph_id`) VALUES ('d36e8589a5bb4a27b5e6e64347935006', NOW(), 'admin', b'1', NOW(), 'admin', 0, NULL, '1', '0', NULL, NULL, NULL, NULL, NULL, 'd3bff4840a7444e891ee4bf7daf1bb5b');
INSERT INTO `mx_cell`(`id`, `crt_dttm`, `crt_user`, `enable_flag`, `last_update_dttm`, `last_update_user`, `version`, `mx_edge`, `mx_pageid`, `mx_parent`, `mx_source`, `mx_style`, `mx_target`, `mx_value`, `mx_vertex`, `fk_mx_graph_id`) VALUES ('d3c89cda410d4a81a343c5327cb85e4a', NOW(), 'admin', b'1', NOW(), 'admin', 0, '1', '10', '1', '6', 'edgeStyle=orthogonalEdgeStyle;rounded=0;html=1;entryX=0.5;entryY=0;jettySize=auto;orthogonalLoop=1;noEdgeStyle=1;orthogonal=1;exitX=0.5;exitY=1;', '9', NULL, NULL, 'd3bff4840a7444e891ee4bf7daf1bb5b');
INSERT INTO `mx_cell`(`id`, `crt_dttm`, `crt_user`, `enable_flag`, `last_update_dttm`, `last_update_user`, `version`, `mx_edge`, `mx_pageid`, `mx_parent`, `mx_source`, `mx_style`, `mx_target`, `mx_value`, `mx_vertex`, `fk_mx_graph_id`) VALUES ('d95042d44e0348dba844bb48b02991cd', NOW(), 'admin', b'1', NOW(), 'admin', 0, NULL, '0', '', NULL, NULL, NULL, NULL, NULL, 'd3bff4840a7444e891ee4bf7daf1bb5b');
INSERT INTO `mx_cell`(`id`, `crt_dttm`, `crt_user`, `enable_flag`, `last_update_dttm`, `last_update_user`, `version`, `mx_edge`, `mx_pageid`, `mx_parent`, `mx_source`, `mx_style`, `mx_target`, `mx_value`, `mx_vertex`, `fk_mx_graph_id`) VALUES ('d9d2dcf51dc044b198d4c05ff7597afc', NOW(), 'admin', b'1', NOW(), 'admin', 0, '1', '99', '1', '66', 'edgeStyle=orthogonalEdgeStyle;rounded=0;html=1;entryX=0.5;entryY=0;jettySize=auto;orthogonalLoop=1;', '74', NULL, NULL, 'da664942f1db4ad7a42fa54e667385d9');
INSERT INTO `mx_cell`(`id`, `crt_dttm`, `crt_user`, `enable_flag`, `last_update_dttm`, `last_update_user`, `version`, `mx_edge`, `mx_pageid`, `mx_parent`, `mx_source`, `mx_style`, `mx_target`, `mx_value`, `mx_vertex`, `fk_mx_graph_id`) VALUES ('da10f4d630594c7bb0ffe000708181f5', NOW(), 'admin', b'1', NOW(), 'admin', 0, '1', '97', '1', '72', 'edgeStyle=orthogonalEdgeStyle;rounded=0;html=1;entryX=0.5;entryY=0;jettySize=auto;orthogonalLoop=1;', '50', NULL, NULL, 'da664942f1db4ad7a42fa54e667385d9');
INSERT INTO `mx_cell`(`id`, `crt_dttm`, `crt_user`, `enable_flag`, `last_update_dttm`, `last_update_user`, `version`, `mx_edge`, `mx_pageid`, `mx_parent`, `mx_source`, `mx_style`, `mx_target`, `mx_value`, `mx_vertex`, `fk_mx_graph_id`) VALUES ('dd108bc6da824a74a00252b7cac139eb', NOW(), 'admin', b'1', NOW(), 'admin', 0, NULL, '72', '1', NULL, 'image;html=1;labelBackgroundColor=#ffffff00;image=/piflow-web/images/SelectField_128x128.png', NULL, 'SelectField_mastersthesis', '1', 'da664942f1db4ad7a42fa54e667385d9');
INSERT INTO `mx_cell`(`id`, `crt_dttm`, `crt_user`, `enable_flag`, `last_update_dttm`, `last_update_user`, `version`, `mx_edge`, `mx_pageid`, `mx_parent`, `mx_source`, `mx_style`, `mx_target`, `mx_value`, `mx_vertex`, `fk_mx_graph_id`) VALUES ('dea87e1aa10f4a5bae4ba80acae5834e', NOW(), 'admin', b'1', NOW(), 'admin', 0, '1', '122', '1', '85', 'edgeStyle=orthogonalEdgeStyle;rounded=0;html=1;entryX=0.5;entryY=0;jettySize=auto;orthogonalLoop=1;', '67', NULL, NULL, 'da664942f1db4ad7a42fa54e667385d9');
INSERT INTO `mx_cell`(`id`, `crt_dttm`, `crt_user`, `enable_flag`, `last_update_dttm`, `last_update_user`, `version`, `mx_edge`, `mx_pageid`, `mx_parent`, `mx_source`, `mx_style`, `mx_target`, `mx_value`, `mx_vertex`, `fk_mx_graph_id`) VALUES ('e11fceb6aae94b9c9f4bbd2d44775f29', NOW(), 'admin', b'1', NOW(), 'admin', 0, NULL, '91', '1', NULL, 'image;html=1;labelBackgroundColor=#ffffff00;image=/piflow-web/images/SelectField_128x128.png', NULL, 'SelectField_phdthesis', '1', 'da664942f1db4ad7a42fa54e667385d9');
INSERT INTO `mx_cell`(`id`, `crt_dttm`, `crt_user`, `enable_flag`, `last_update_dttm`, `last_update_user`, `version`, `mx_edge`, `mx_pageid`, `mx_parent`, `mx_source`, `mx_style`, `mx_target`, `mx_value`, `mx_vertex`, `fk_mx_graph_id`) VALUES ('e307a1b2635c490da381e87d9ec6f7ac', NOW(), 'admin', b'1', NOW(), 'admin', 0, '1', '127', '1', '85', 'edgeStyle=orthogonalEdgeStyle;rounded=0;html=1;entryX=0.5;entryY=0;jettySize=auto;orthogonalLoop=1;', '70', NULL, NULL, 'da664942f1db4ad7a42fa54e667385d9');
INSERT INTO `mx_cell`(`id`, `crt_dttm`, `crt_user`, `enable_flag`, `last_update_dttm`, `last_update_user`, `version`, `mx_edge`, `mx_pageid`, `mx_parent`, `mx_source`, `mx_style`, `mx_target`, `mx_value`, `mx_vertex`, `fk_mx_graph_id`) VALUES ('e585ace3841d4218983e19e71c9b7194', NOW(), 'admin', b'1', NOW(), 'admin', 0, '1', '116', '1', '76', 'edgeStyle=orthogonalEdgeStyle;rounded=0;html=1;jettySize=auto;orthogonalLoop=1;', '88', NULL, NULL, 'da664942f1db4ad7a42fa54e667385d9');
INSERT INTO `mx_cell`(`id`, `crt_dttm`, `crt_user`, `enable_flag`, `last_update_dttm`, `last_update_user`, `version`, `mx_edge`, `mx_pageid`, `mx_parent`, `mx_source`, `mx_style`, `mx_target`, `mx_value`, `mx_vertex`, `fk_mx_graph_id`) VALUES ('e76a8df44be34dd5a23e2fd8c3c31889', NOW(), 'admin', b'1', NOW(), 'admin', 0, NULL, '15', '1', NULL, 'image;html=1;labelBackgroundColor=#ffffff;image=/piflow-web/images/JsonSave_128x128.png', NULL, 'JsonSave', '1', 'd3bff4840a7444e891ee4bf7daf1bb5b');
INSERT INTO `mx_cell`(`id`, `crt_dttm`, `crt_user`, `enable_flag`, `last_update_dttm`, `last_update_user`, `version`, `mx_edge`, `mx_pageid`, `mx_parent`, `mx_source`, `mx_style`, `mx_target`, `mx_value`, `mx_vertex`, `fk_mx_graph_id`) VALUES ('e880292baa404efc97c3754ab024ca2b', NOW(), 'admin', b'1', NOW(), 'admin', 0, '1', '93', '1', '57', 'edgeStyle=orthogonalEdgeStyle;rounded=0;html=1;entryX=0.5;entryY=0;jettySize=auto;orthogonalLoop=1;', '91', NULL, NULL, 'da664942f1db4ad7a42fa54e667385d9');
INSERT INTO `mx_cell`(`id`, `crt_dttm`, `crt_user`, `enable_flag`, `last_update_dttm`, `last_update_user`, `version`, `mx_edge`, `mx_pageid`, `mx_parent`, `mx_source`, `mx_style`, `mx_target`, `mx_value`, `mx_vertex`, `fk_mx_graph_id`) VALUES ('ed5bbedb60a44b69866661d9d46b75b1', NOW(), 'admin', b'1', NOW(), 'admin', 0, '1', '92', '1', '67', 'edgeStyle=orthogonalEdgeStyle;rounded=0;html=1;entryX=0.5;entryY=0;jettySize=auto;orthogonalLoop=1;', '57', NULL, NULL, 'da664942f1db4ad7a42fa54e667385d9');
INSERT INTO `mx_cell`(`id`, `crt_dttm`, `crt_user`, `enable_flag`, `last_update_dttm`, `last_update_user`, `version`, `mx_edge`, `mx_pageid`, `mx_parent`, `mx_source`, `mx_style`, `mx_target`, `mx_value`, `mx_vertex`, `fk_mx_graph_id`) VALUES ('f10240ef21354494a8112ca1b5e53350', NOW(), 'admin', b'1', NOW(), 'admin', 0, NULL, '55', '1', NULL, 'image;html=1;labelBackgroundColor=#ffffff00;image=/piflow-web/images/XmlParser_128x128.png', NULL, 'XmlParser_mastersthesis', '1', 'da664942f1db4ad7a42fa54e667385d9');
INSERT INTO `mx_cell`(`id`, `crt_dttm`, `crt_user`, `enable_flag`, `last_update_dttm`, `last_update_user`, `version`, `mx_edge`, `mx_pageid`, `mx_parent`, `mx_source`, `mx_style`, `mx_target`, `mx_value`, `mx_vertex`, `fk_mx_graph_id`) VALUES ('f530a5d3d7be4daaafab9dbc4bc1ce26', NOW(), 'admin', b'1', NOW(), 'admin', 0, NULL, '9', '1', NULL, 'image;html=1;labelBackgroundColor=#ffffff;image=/piflow-web/images/Fork_128x128.png', NULL, 'Fork', '1', 'd3bff4840a7444e891ee4bf7daf1bb5b');
INSERT INTO `mx_cell`(`id`, `crt_dttm`, `crt_user`, `enable_flag`, `last_update_dttm`, `last_update_user`, `version`, `mx_edge`, `mx_pageid`, `mx_parent`, `mx_source`, `mx_style`, `mx_target`, `mx_value`, `mx_vertex`, `fk_mx_graph_id`) VALUES ('fcdee0f3f30b47a28eb33cd432d0dfbe', NOW(), 'admin', b'1', NOW(), 'admin', 0, NULL, '69', '1', NULL, 'image;html=1;labelBackgroundColor=#ffffff00;image=/piflow-web/images/ConvertSchema_128x128.png', NULL, 'ConvertSchema_incollection', '1', 'da664942f1db4ad7a42fa54e667385d9');
INSERT INTO `mx_cell`(`id`, `crt_dttm`, `crt_user`, `enable_flag`, `last_update_dttm`, `last_update_user`, `version`, `mx_edge`, `mx_pageid`, `mx_parent`, `mx_source`, `mx_style`, `mx_target`, `mx_value`, `mx_vertex`, `fk_mx_graph_id`) VALUES ('fea1f59e5e054a7398d54d26dd790608', NOW(), 'admin', b'1', NOW(), 'admin', 0, NULL, '67', '1', NULL, 'image;html=1;labelBackgroundColor=#ffffff00;image=/piflow-web/images/XmlParser_128x128.png', NULL, 'XmlParser_phdthesis', '1', 'da664942f1db4ad7a42fa54e667385d9');


-- ----------------------------
-- Records of mx_geometry
-- ----------------------------
INSERT INTO `mx_geometry`(`id`, `crt_dttm`, `crt_user`, `enable_flag`, `last_update_dttm`, `last_update_user`, `version`, `mx_as`, `mx_height`, `mx_relative`, `mx_width`, `mx_x`, `mx_y`, `fk_mx_cell_id`) VALUES ('0593d3a70bcd4bd6b141412ebf1a2760', NOW(), 'admin', b'1', NOW(), 'admin', 0, 'geometry', NULL, '1', NULL, NULL, NULL, '487f52a863874fdb99c5678d7bdbc77f');
INSERT INTO `mx_geometry`(`id`, `crt_dttm`, `crt_user`, `enable_flag`, `last_update_dttm`, `last_update_user`, `version`, `mx_as`, `mx_height`, `mx_relative`, `mx_width`, `mx_x`, `mx_y`, `fk_mx_cell_id`) VALUES ('0682e6a6b4cf4d6fb2528b1e5f3b7419', NOW(), 'admin', b'1', NOW(), 'admin', 0, 'geometry', '66', NULL, '66', '1300', '800', 'd127cb00f537498e9ee4a79de39e4974');
INSERT INTO `mx_geometry`(`id`, `crt_dttm`, `crt_user`, `enable_flag`, `last_update_dttm`, `last_update_user`, `version`, `mx_as`, `mx_height`, `mx_relative`, `mx_width`, `mx_x`, `mx_y`, `fk_mx_cell_id`) VALUES ('084835a5c3904a879c910695b835c3e3', NOW(), 'admin', b'1', NOW(), 'admin', 0, 'geometry', '66', NULL, '66', '100', '400', 'fea1f59e5e054a7398d54d26dd790608');
INSERT INTO `mx_geometry`(`id`, `crt_dttm`, `crt_user`, `enable_flag`, `last_update_dttm`, `last_update_user`, `version`, `mx_as`, `mx_height`, `mx_relative`, `mx_width`, `mx_x`, `mx_y`, `fk_mx_cell_id`) VALUES ('0a666603af6b48b1934e87056d419925', NOW(), 'admin', b'1', NOW(), 'admin', 0, 'geometry', '66', NULL, '66', '1000', '990', '07d0527b7098458d8f572c861b6df223');
INSERT INTO `mx_geometry`(`id`, `crt_dttm`, `crt_user`, `enable_flag`, `last_update_dttm`, `last_update_user`, `version`, `mx_as`, `mx_height`, `mx_relative`, `mx_width`, `mx_x`, `mx_y`, `fk_mx_cell_id`) VALUES ('12ad5ee7ebce483787bcdbe0230b766f', NOW(), 'admin', b'1', NOW(), 'admin', 0, 'geometry', NULL, '1', NULL, NULL, NULL, 'a41d988fd9eb451e97d8ad233d8b2052');
INSERT INTO `mx_geometry`(`id`, `crt_dttm`, `crt_user`, `enable_flag`, `last_update_dttm`, `last_update_user`, `version`, `mx_as`, `mx_height`, `mx_relative`, `mx_width`, `mx_x`, `mx_y`, `fk_mx_cell_id`) VALUES ('17e17f7d4be44a6d903989b5c4ba7e68', NOW(), 'admin', b'1', NOW(), 'admin', 0, 'geometry', '66', NULL, '66', '700', '240', '6627427da05d4bb380becf49535476fa');
INSERT INTO `mx_geometry`(`id`, `crt_dttm`, `crt_user`, `enable_flag`, `last_update_dttm`, `last_update_user`, `version`, `mx_as`, `mx_height`, `mx_relative`, `mx_width`, `mx_x`, `mx_y`, `fk_mx_cell_id`) VALUES ('1b5816dce7d04cc2a1ac83f8a0072508', NOW(), 'admin', b'1', NOW(), 'admin', 0, 'geometry', '66', NULL, '66', '100', '600', 'b984a09bf722453185a691aff96f9dd4');
INSERT INTO `mx_geometry`(`id`, `crt_dttm`, `crt_user`, `enable_flag`, `last_update_dttm`, `last_update_user`, `version`, `mx_as`, `mx_height`, `mx_relative`, `mx_width`, `mx_x`, `mx_y`, `fk_mx_cell_id`) VALUES ('26c2541bb7ad4dd386439e3aabc4fdca', NOW(), 'admin', b'1', NOW(), 'admin', 0, 'geometry', '66', NULL, '66', '550', '800', 'c944d3896e054e71820d922d914bf2dd');
INSERT INTO `mx_geometry`(`id`, `crt_dttm`, `crt_user`, `enable_flag`, `last_update_dttm`, `last_update_user`, `version`, `mx_as`, `mx_height`, `mx_relative`, `mx_width`, `mx_x`, `mx_y`, `fk_mx_cell_id`) VALUES ('26fb9230a95f4703afb8d49a8424c3e5', NOW(), 'admin', b'1', NOW(), 'admin', 0, 'geometry', NULL, '1', NULL, NULL, NULL, '936f342cb22d4ba59f7f15983464801f');
INSERT INTO `mx_geometry`(`id`, `crt_dttm`, `crt_user`, `enable_flag`, `last_update_dttm`, `last_update_user`, `version`, `mx_as`, `mx_height`, `mx_relative`, `mx_width`, `mx_x`, `mx_y`, `fk_mx_cell_id`) VALUES ('2e345ca3c4c94c76b1cadf6d7237f1f8', NOW(), 'admin', b'1', NOW(), 'admin', 0, 'geometry', NULL, '1', NULL, NULL, NULL, '1b4334a8d23143a49a257b1c9d41c55b');
INSERT INTO `mx_geometry`(`id`, `crt_dttm`, `crt_user`, `enable_flag`, `last_update_dttm`, `last_update_user`, `version`, `mx_as`, `mx_height`, `mx_relative`, `mx_width`, `mx_x`, `mx_y`, `fk_mx_cell_id`) VALUES ('2fa22e14ca0b43e4aa94039ae8751709', NOW(), 'admin', b'1', NOW(), 'admin', 0, 'geometry', NULL, '1', NULL, NULL, NULL, '0970bc210a8347db9b95499cab5f175a');
INSERT INTO `mx_geometry`(`id`, `crt_dttm`, `crt_user`, `enable_flag`, `last_update_dttm`, `last_update_user`, `version`, `mx_as`, `mx_height`, `mx_relative`, `mx_width`, `mx_x`, `mx_y`, `fk_mx_cell_id`) VALUES ('3132b4e0016241bb9242b7243f295401', NOW(), 'admin', b'1', NOW(), 'admin', 0, 'geometry', NULL, '1', NULL, NULL, NULL, '0ab5bd6a6b9b4602b62835d3d4960847');
INSERT INTO `mx_geometry`(`id`, `crt_dttm`, `crt_user`, `enable_flag`, `last_update_dttm`, `last_update_user`, `version`, `mx_as`, `mx_height`, `mx_relative`, `mx_width`, `mx_x`, `mx_y`, `fk_mx_cell_id`) VALUES ('31f55fee2caf4306b3c30ae60738e27a', NOW(), 'admin', b'1', NOW(), 'admin', 0, 'geometry', '66', NULL, '66', '1150', '400', '766a0b5df6de4c03b65fe94ead973b83');
INSERT INTO `mx_geometry`(`id`, `crt_dttm`, `crt_user`, `enable_flag`, `last_update_dttm`, `last_update_user`, `version`, `mx_as`, `mx_height`, `mx_relative`, `mx_width`, `mx_x`, `mx_y`, `fk_mx_cell_id`) VALUES ('31f65a5134494383900a04d2ee5156a5', NOW(), 'admin', b'1', NOW(), 'admin', 0, 'geometry', '66', NULL, '66', '400', '1000', '44ad3472208d4697942e8eca0c2b2ca8');
INSERT INTO `mx_geometry`(`id`, `crt_dttm`, `crt_user`, `enable_flag`, `last_update_dttm`, `last_update_user`, `version`, `mx_as`, `mx_height`, `mx_relative`, `mx_width`, `mx_x`, `mx_y`, `fk_mx_cell_id`) VALUES ('359fd78b8f8a4f2b9c518ab3125a61a8', NOW(), 'admin', b'1', NOW(), 'admin', 0, 'geometry', NULL, '1', NULL, NULL, NULL, '2881d99bfdb44daba014b1466eb64007');
INSERT INTO `mx_geometry`(`id`, `crt_dttm`, `crt_user`, `enable_flag`, `last_update_dttm`, `last_update_user`, `version`, `mx_as`, `mx_height`, `mx_relative`, `mx_width`, `mx_x`, `mx_y`, `fk_mx_cell_id`) VALUES ('360c97259ea842bda03a61b49e90d411', NOW(), 'admin', b'1', NOW(), 'admin', 0, 'geometry', '66', NULL, '66', '250', '400', 'f10240ef21354494a8112ca1b5e53350');
INSERT INTO `mx_geometry`(`id`, `crt_dttm`, `crt_user`, `enable_flag`, `last_update_dttm`, `last_update_user`, `version`, `mx_as`, `mx_height`, `mx_relative`, `mx_width`, `mx_x`, `mx_y`, `fk_mx_cell_id`) VALUES ('38838288c0cc4a98be325b9b43c71f82', NOW(), 'admin', b'1', NOW(), 'admin', 0, 'geometry', NULL, '1', NULL, NULL, NULL, '94d88ea4a5df4063a6e51bb4b0d39f94');
INSERT INTO `mx_geometry`(`id`, `crt_dttm`, `crt_user`, `enable_flag`, `last_update_dttm`, `last_update_user`, `version`, `mx_as`, `mx_height`, `mx_relative`, `mx_width`, `mx_x`, `mx_y`, `fk_mx_cell_id`) VALUES ('3ce40f442f3f4acb852130db42489f72', NOW(), 'admin', b'1', NOW(), 'admin', 0, 'geometry', NULL, '1', NULL, NULL, NULL, 'c4009c838e454395a51556c249177309');
INSERT INTO `mx_geometry`(`id`, `crt_dttm`, `crt_user`, `enable_flag`, `last_update_dttm`, `last_update_user`, `version`, `mx_as`, `mx_height`, `mx_relative`, `mx_width`, `mx_x`, `mx_y`, `fk_mx_cell_id`) VALUES ('3ce4138abc82408a81c459af835ee9a0', NOW(), 'admin', b'1', NOW(), 'admin', 0, 'geometry', '66', NULL, '66', '1000', '800', '375c30fd318f432882caf2ae8e26d6cf');
INSERT INTO `mx_geometry`(`id`, `crt_dttm`, `crt_user`, `enable_flag`, `last_update_dttm`, `last_update_user`, `version`, `mx_as`, `mx_height`, `mx_relative`, `mx_width`, `mx_x`, `mx_y`, `fk_mx_cell_id`) VALUES ('3cfbc19c56fa4e86b50f055b209368ba', NOW(), 'admin', b'1', NOW(), 'admin', 0, 'geometry', NULL, '1', NULL, NULL, NULL, 'cc3b89587fa847d298467a2622d94560');
INSERT INTO `mx_geometry`(`id`, `crt_dttm`, `crt_user`, `enable_flag`, `last_update_dttm`, `last_update_user`, `version`, `mx_as`, `mx_height`, `mx_relative`, `mx_width`, `mx_x`, `mx_y`, `fk_mx_cell_id`) VALUES ('3eeae3a1ac164f3db602f8975acdabad', NOW(), 'admin', b'1', NOW(), 'admin', 0, 'geometry', NULL, '1', NULL, NULL, NULL, '4289c02b5e0248e2be21ad0be06ded01');
INSERT INTO `mx_geometry`(`id`, `crt_dttm`, `crt_user`, `enable_flag`, `last_update_dttm`, `last_update_user`, `version`, `mx_as`, `mx_height`, `mx_relative`, `mx_width`, `mx_x`, `mx_y`, `fk_mx_cell_id`) VALUES ('3f31516d123140c48928fa2face3a256', NOW(), 'admin', b'1', NOW(), 'admin', 0, 'geometry', NULL, '1', NULL, NULL, NULL, '4f5e785b2c71435a88b683c35350bb1d');
INSERT INTO `mx_geometry`(`id`, `crt_dttm`, `crt_user`, `enable_flag`, `last_update_dttm`, `last_update_user`, `version`, `mx_as`, `mx_height`, `mx_relative`, `mx_width`, `mx_x`, `mx_y`, `fk_mx_cell_id`) VALUES ('3faf42be86cf4e6e9059378e0e0b0d6c', NOW(), 'admin', b'1', NOW(), 'admin', 0, 'geometry', NULL, '1', NULL, NULL, NULL, 'e585ace3841d4218983e19e71c9b7194');
INSERT INTO `mx_geometry`(`id`, `crt_dttm`, `crt_user`, `enable_flag`, `last_update_dttm`, `last_update_user`, `version`, `mx_as`, `mx_height`, `mx_relative`, `mx_width`, `mx_x`, `mx_y`, `fk_mx_cell_id`) VALUES ('409a6fa756fa4e04ac47616205673772', NOW(), 'admin', b'1', NOW(), 'admin', 0, 'geometry', '66', NULL, '66', '250', '800', 'dd108bc6da824a74a00252b7cac139eb');
INSERT INTO `mx_geometry`(`id`, `crt_dttm`, `crt_user`, `enable_flag`, `last_update_dttm`, `last_update_user`, `version`, `mx_as`, `mx_height`, `mx_relative`, `mx_width`, `mx_x`, `mx_y`, `fk_mx_cell_id`) VALUES ('485658615ab94296910fd53fc7a57f8b', NOW(), 'admin', b'1', NOW(), 'admin', 0, 'geometry', NULL, '1', NULL, NULL, NULL, 'ed5bbedb60a44b69866661d9d46b75b1');
INSERT INTO `mx_geometry`(`id`, `crt_dttm`, `crt_user`, `enable_flag`, `last_update_dttm`, `last_update_user`, `version`, `mx_as`, `mx_height`, `mx_relative`, `mx_width`, `mx_x`, `mx_y`, `fk_mx_cell_id`) VALUES ('4b20f607389540d3a586c50260cc9d66', NOW(), 'admin', b'1', NOW(), 'admin', 0, 'geometry', NULL, '1', NULL, NULL, NULL, '6c824369ae194c52ba2827207b021f67');
INSERT INTO `mx_geometry`(`id`, `crt_dttm`, `crt_user`, `enable_flag`, `last_update_dttm`, `last_update_user`, `version`, `mx_as`, `mx_height`, `mx_relative`, `mx_width`, `mx_x`, `mx_y`, `fk_mx_cell_id`) VALUES ('4f0ff962c53c4eb08926e7e275907e1a', NOW(), 'admin', b'1', NOW(), 'admin', 0, 'geometry', '66', NULL, '66', '1300', '990', '96a1b41428ef4bd68f04ec6b5060cc49');
INSERT INTO `mx_geometry`(`id`, `crt_dttm`, `crt_user`, `enable_flag`, `last_update_dttm`, `last_update_user`, `version`, `mx_as`, `mx_height`, `mx_relative`, `mx_width`, `mx_x`, `mx_y`, `fk_mx_cell_id`) VALUES ('51e39cb50a6042fc94dc45cd7c67d6e2', NOW(), 'admin', b'1', NOW(), 'admin', 0, 'geometry', NULL, '1', NULL, NULL, NULL, 'e880292baa404efc97c3754ab024ca2b');
INSERT INTO `mx_geometry`(`id`, `crt_dttm`, `crt_user`, `enable_flag`, `last_update_dttm`, `last_update_user`, `version`, `mx_as`, `mx_height`, `mx_relative`, `mx_width`, `mx_x`, `mx_y`, `fk_mx_cell_id`) VALUES ('5560e2385a764a429085b3a1c6a12eb7', NOW(), 'admin', b'1', NOW(), 'admin', 0, 'geometry', '66', NULL, '66', '1150', '990', '910549a2c6e040ddbffff58f877522e5');
INSERT INTO `mx_geometry`(`id`, `crt_dttm`, `crt_user`, `enable_flag`, `last_update_dttm`, `last_update_user`, `version`, `mx_as`, `mx_height`, `mx_relative`, `mx_width`, `mx_x`, `mx_y`, `fk_mx_cell_id`) VALUES ('564477f9c82845e3b8673d79d3fffcce', NOW(), 'admin', b'1', NOW(), 'admin', 0, 'geometry', NULL, '1', NULL, NULL, NULL, '3467510fa51844e79f4a0267267bc4a7');
INSERT INTO `mx_geometry`(`id`, `crt_dttm`, `crt_user`, `enable_flag`, `last_update_dttm`, `last_update_user`, `version`, `mx_as`, `mx_height`, `mx_relative`, `mx_width`, `mx_x`, `mx_y`, `fk_mx_cell_id`) VALUES ('578c1c324cd740eb83d4b78ef535d7ef', NOW(), 'admin', b'1', NOW(), 'admin', 0, 'geometry', NULL, '1', NULL, NULL, NULL, '6539017b0a2f4f989c6ba5b09bd8fb03');
INSERT INTO `mx_geometry`(`id`, `crt_dttm`, `crt_user`, `enable_flag`, `last_update_dttm`, `last_update_user`, `version`, `mx_as`, `mx_height`, `mx_relative`, `mx_width`, `mx_x`, `mx_y`, `fk_mx_cell_id`) VALUES ('5b7bf044beea4c74a99ada970933006e', NOW(), 'admin', b'1', NOW(), 'admin', 0, 'geometry', NULL, '1', NULL, NULL, NULL, '0641076d5ae840c09d2be5b71d7fbae3');
INSERT INTO `mx_geometry`(`id`, `crt_dttm`, `crt_user`, `enable_flag`, `last_update_dttm`, `last_update_user`, `version`, `mx_as`, `mx_height`, `mx_relative`, `mx_width`, `mx_x`, `mx_y`, `fk_mx_cell_id`) VALUES ('5e3c8c0c1083477c87e8e66c52fb8f72', NOW(), 'admin', b'1', NOW(), 'admin', 0, 'geometry', '66', NULL, '66', '250', '1000', '34fe9bb7cc0a4e688a3e4ef46877d887');
INSERT INTO `mx_geometry`(`id`, `crt_dttm`, `crt_user`, `enable_flag`, `last_update_dttm`, `last_update_user`, `version`, `mx_as`, `mx_height`, `mx_relative`, `mx_width`, `mx_x`, `mx_y`, `fk_mx_cell_id`) VALUES ('607db8b7d6214986b414337308eb98db', NOW(), 'admin', b'1', NOW(), 'admin', 0, 'geometry', '66', NULL, '66', '400', '800', 'b5b5d35c6ee34a17b2582a184046b0b1');
INSERT INTO `mx_geometry`(`id`, `crt_dttm`, `crt_user`, `enable_flag`, `last_update_dttm`, `last_update_user`, `version`, `mx_as`, `mx_height`, `mx_relative`, `mx_width`, `mx_x`, `mx_y`, `fk_mx_cell_id`) VALUES ('6236dde12fc54eae8b7fea2545983c62', NOW(), 'admin', b'1', NOW(), 'admin', 0, 'geometry', '66', NULL, '66', '400', '600', '22ca48a05ec7484598bb8ad0f6122dc3');
INSERT INTO `mx_geometry`(`id`, `crt_dttm`, `crt_user`, `enable_flag`, `last_update_dttm`, `last_update_user`, `version`, `mx_as`, `mx_height`, `mx_relative`, `mx_width`, `mx_x`, `mx_y`, `fk_mx_cell_id`) VALUES ('62acef6051ff4a4d9a065bf8a9542fc2', NOW(), 'admin', b'1', NOW(), 'admin', 0, 'geometry', '70', NULL, '70', '698', '120', '5eef4f7e09a34f7e83c946402c8f821c');
INSERT INTO `mx_geometry`(`id`, `crt_dttm`, `crt_user`, `enable_flag`, `last_update_dttm`, `last_update_user`, `version`, `mx_as`, `mx_height`, `mx_relative`, `mx_width`, `mx_x`, `mx_y`, `fk_mx_cell_id`) VALUES ('63a1f34698694d72b43c14e27678de23', NOW(), 'admin', b'1', NOW(), 'admin', 0, 'geometry', '66', NULL, '66', '376.875', '568', 'f530a5d3d7be4daaafab9dbc4bc1ce26');
INSERT INTO `mx_geometry`(`id`, `crt_dttm`, `crt_user`, `enable_flag`, `last_update_dttm`, `last_update_user`, `version`, `mx_as`, `mx_height`, `mx_relative`, `mx_width`, `mx_x`, `mx_y`, `fk_mx_cell_id`) VALUES ('63b49ce5f5ea4257934b48ae04b2b552', NOW(), 'admin', b'1', NOW(), 'admin', 0, 'geometry', '66', NULL, '66', '484.5', '754', '6d58cc47f3e94a708d5b719e75b06d46');
INSERT INTO `mx_geometry`(`id`, `crt_dttm`, `crt_user`, `enable_flag`, `last_update_dttm`, `last_update_user`, `version`, `mx_as`, `mx_height`, `mx_relative`, `mx_width`, `mx_x`, `mx_y`, `fk_mx_cell_id`) VALUES ('66908d7ccbea4b898cb898c688d6ac13', NOW(), 'admin', b'1', NOW(), 'admin', 0, 'geometry', NULL, '1', NULL, NULL, NULL, '5a9886ceed334e9fac966b92588e391b');
INSERT INTO `mx_geometry`(`id`, `crt_dttm`, `crt_user`, `enable_flag`, `last_update_dttm`, `last_update_user`, `version`, `mx_as`, `mx_height`, `mx_relative`, `mx_width`, `mx_x`, `mx_y`, `fk_mx_cell_id`) VALUES ('6749bab639d049a9bb2c6629792be801', NOW(), 'admin', b'1', NOW(), 'admin', 0, 'geometry', '70', NULL, '70', '698', '10', 'a90f684911d746ed9ca5205a229e8ec0');
INSERT INTO `mx_geometry`(`id`, `crt_dttm`, `crt_user`, `enable_flag`, `last_update_dttm`, `last_update_user`, `version`, `mx_as`, `mx_height`, `mx_relative`, `mx_width`, `mx_x`, `mx_y`, `fk_mx_cell_id`) VALUES ('68500f2dec494ed482088b054ec2a08a', NOW(), 'admin', b'1', NOW(), 'admin', 0, 'geometry', NULL, '1', NULL, NULL, NULL, '526c2afd7c3c4d1f959967fd0b3bdbaf');
INSERT INTO `mx_geometry`(`id`, `crt_dttm`, `crt_user`, `enable_flag`, `last_update_dttm`, `last_update_user`, `version`, `mx_as`, `mx_height`, `mx_relative`, `mx_width`, `mx_x`, `mx_y`, `fk_mx_cell_id`) VALUES ('6942ab72e5aa457ea4b4a2f1a5e0a87c', NOW(), 'admin', b'1', NOW(), 'admin', 0, 'geometry', NULL, '1', NULL, NULL, NULL, '0e8cd6ec84564605b77967ce8476a267');
INSERT INTO `mx_geometry`(`id`, `crt_dttm`, `crt_user`, `enable_flag`, `last_update_dttm`, `last_update_user`, `version`, `mx_as`, `mx_height`, `mx_relative`, `mx_width`, `mx_x`, `mx_y`, `fk_mx_cell_id`) VALUES ('6a0a269a6ac340f4adac3a77301dc562', NOW(), 'admin', b'1', NOW(), 'admin', 0, 'geometry', NULL, '1', NULL, NULL, NULL, '7a10ea3b94784b98869a5ec02058f3ca');
INSERT INTO `mx_geometry`(`id`, `crt_dttm`, `crt_user`, `enable_flag`, `last_update_dttm`, `last_update_user`, `version`, `mx_as`, `mx_height`, `mx_relative`, `mx_width`, `mx_x`, `mx_y`, `fk_mx_cell_id`) VALUES ('6b50014cc5d04bef9ad00df5a6967a55', NOW(), 'admin', b'1', NOW(), 'admin', 0, 'geometry', NULL, '1', NULL, NULL, NULL, 'b3051ee8ddb44f38b6f937e546f935c8');
INSERT INTO `mx_geometry`(`id`, `crt_dttm`, `crt_user`, `enable_flag`, `last_update_dttm`, `last_update_user`, `version`, `mx_as`, `mx_height`, `mx_relative`, `mx_width`, `mx_x`, `mx_y`, `fk_mx_cell_id`) VALUES ('71978f4c4bf643b7b94a0995de50018f', NOW(), 'admin', b'1', NOW(), 'admin', 0, 'geometry', NULL, '1', NULL, NULL, NULL, 'c4b113e9f7624b2cbd5b52591ff2e5e1');
INSERT INTO `mx_geometry`(`id`, `crt_dttm`, `crt_user`, `enable_flag`, `last_update_dttm`, `last_update_user`, `version`, `mx_as`, `mx_height`, `mx_relative`, `mx_width`, `mx_x`, `mx_y`, `fk_mx_cell_id`) VALUES ('744724fe22ea46e088d87622996fc8c9', NOW(), 'admin', b'1', NOW(), 'admin', 0, 'geometry', '66', NULL, '66', '550', '400', '1160a55474764d1abe471154161e3254');
INSERT INTO `mx_geometry`(`id`, `crt_dttm`, `crt_user`, `enable_flag`, `last_update_dttm`, `last_update_user`, `version`, `mx_as`, `mx_height`, `mx_relative`, `mx_width`, `mx_x`, `mx_y`, `fk_mx_cell_id`) VALUES ('745110db92774bc8a47a576085315878', NOW(), 'admin', b'1', NOW(), 'admin', 0, 'geometry', '66', NULL, '66', '1000', '600', '7a3194ce39ff4543845fbfa4c5246a93');
INSERT INTO `mx_geometry`(`id`, `crt_dttm`, `crt_user`, `enable_flag`, `last_update_dttm`, `last_update_user`, `version`, `mx_as`, `mx_height`, `mx_relative`, `mx_width`, `mx_x`, `mx_y`, `fk_mx_cell_id`) VALUES ('7ad138506b65419ea78fb944b02f1e15', NOW(), 'admin', b'1', NOW(), 'admin', 0, 'geometry', '66', NULL, '66', '1150', '800', 'a5da878107cc48a4b3c891eef0f7c126');
INSERT INTO `mx_geometry`(`id`, `crt_dttm`, `crt_user`, `enable_flag`, `last_update_dttm`, `last_update_user`, `version`, `mx_as`, `mx_height`, `mx_relative`, `mx_width`, `mx_x`, `mx_y`, `fk_mx_cell_id`) VALUES ('7f09bd31aa24495196efaea7f47ee2f3', NOW(), 'admin', b'1', NOW(), 'admin', 0, 'geometry', '66', NULL, '66', '400', '400', '395f42be848442b581bfdafff0e4273f');
INSERT INTO `mx_geometry`(`id`, `crt_dttm`, `crt_user`, `enable_flag`, `last_update_dttm`, `last_update_user`, `version`, `mx_as`, `mx_height`, `mx_relative`, `mx_width`, `mx_x`, `mx_y`, `fk_mx_cell_id`) VALUES ('7fdf03e5718b447eaef65f2f5a52179e', NOW(), 'admin', b'1', NOW(), 'admin', 0, 'geometry', NULL, '1', NULL, NULL, NULL, '29dd643f61e942e094cfb64678ba8224');
INSERT INTO `mx_geometry`(`id`, `crt_dttm`, `crt_user`, `enable_flag`, `last_update_dttm`, `last_update_user`, `version`, `mx_as`, `mx_height`, `mx_relative`, `mx_width`, `mx_x`, `mx_y`, `fk_mx_cell_id`) VALUES ('82b79cb7179241f080757b11d55faaa5', NOW(), 'admin', b'1', NOW(), 'admin', 0, 'geometry', NULL, '1', NULL, NULL, NULL, 'dea87e1aa10f4a5bae4ba80acae5834e');
INSERT INTO `mx_geometry`(`id`, `crt_dttm`, `crt_user`, `enable_flag`, `last_update_dttm`, `last_update_user`, `version`, `mx_as`, `mx_height`, `mx_relative`, `mx_width`, `mx_x`, `mx_y`, `fk_mx_cell_id`) VALUES ('85ceea7830954b259dfbf1990d77543c', NOW(), 'admin', b'1', NOW(), 'admin', 0, 'geometry', '66', NULL, '66', '300.5', '196', 'ac19da587f5240d8b4d9fdb8a03288e4');
INSERT INTO `mx_geometry`(`id`, `crt_dttm`, `crt_user`, `enable_flag`, `last_update_dttm`, `last_update_user`, `version`, `mx_as`, `mx_height`, `mx_relative`, `mx_width`, `mx_x`, `mx_y`, `fk_mx_cell_id`) VALUES ('8accd107203d42679e8a5aabfc24c731', NOW(), 'admin', b'1', NOW(), 'admin', 0, 'geometry', '66', NULL, '66', '1300', '400', '7b7b3f01ba7341eb8ae14dbea5ba1464');
INSERT INTO `mx_geometry`(`id`, `crt_dttm`, `crt_user`, `enable_flag`, `last_update_dttm`, `last_update_user`, `version`, `mx_as`, `mx_height`, `mx_relative`, `mx_width`, `mx_x`, `mx_y`, `fk_mx_cell_id`) VALUES ('9271839924ef48f89da8963986e082fa', NOW(), 'admin', b'1', NOW(), 'admin', 0, 'geometry', NULL, '1', NULL, NULL, NULL, '11ee64825e284977b6d2f9a663c18096');
INSERT INTO `mx_geometry`(`id`, `crt_dttm`, `crt_user`, `enable_flag`, `last_update_dttm`, `last_update_user`, `version`, `mx_as`, `mx_height`, `mx_relative`, `mx_width`, `mx_x`, `mx_y`, `fk_mx_cell_id`) VALUES ('93127a31c1924c4882290fd66469388d', NOW(), 'admin', b'1', NOW(), 'admin', 0, 'geometry', '66', NULL, '66', '100', '1000', 'c8b3ea9fae534faeb0fcd78f3bea4502');
INSERT INTO `mx_geometry`(`id`, `crt_dttm`, `crt_user`, `enable_flag`, `last_update_dttm`, `last_update_user`, `version`, `mx_as`, `mx_height`, `mx_relative`, `mx_width`, `mx_x`, `mx_y`, `fk_mx_cell_id`) VALUES ('94ee254bb877409ea8e0531a8de34dc8', NOW(), 'admin', b'1', NOW(), 'admin', 0, 'geometry', NULL, '1', NULL, NULL, NULL, '90ce3539c17e40fbae2c41e218af35a8');
INSERT INTO `mx_geometry`(`id`, `crt_dttm`, `crt_user`, `enable_flag`, `last_update_dttm`, `last_update_user`, `version`, `mx_as`, `mx_height`, `mx_relative`, `mx_width`, `mx_x`, `mx_y`, `fk_mx_cell_id`) VALUES ('9eb26a744a0d48abac6cbea52b8d26a8', NOW(), 'admin', b'1', NOW(), 'admin', 0, 'geometry', NULL, '1', NULL, NULL, NULL, 'cfb258b23b7c421a9190c9070bdd5d26');
INSERT INTO `mx_geometry`(`id`, `crt_dttm`, `crt_user`, `enable_flag`, `last_update_dttm`, `last_update_user`, `version`, `mx_as`, `mx_height`, `mx_relative`, `mx_width`, `mx_x`, `mx_y`, `fk_mx_cell_id`) VALUES ('b3db34fca7394b1b962465c32b50bd85', NOW(), 'admin', b'1', NOW(), 'admin', 0, 'geometry', NULL, '1', NULL, NULL, NULL, 'da10f4d630594c7bb0ffe000708181f5');
INSERT INTO `mx_geometry`(`id`, `crt_dttm`, `crt_user`, `enable_flag`, `last_update_dttm`, `last_update_user`, `version`, `mx_as`, `mx_height`, `mx_relative`, `mx_width`, `mx_x`, `mx_y`, `fk_mx_cell_id`) VALUES ('c0985929e32a447885ab41ece4780f48', NOW(), 'admin', b'1', NOW(), 'admin', 0, 'geometry', NULL, '1', NULL, NULL, NULL, 'd9d2dcf51dc044b198d4c05ff7597afc');
INSERT INTO `mx_geometry`(`id`, `crt_dttm`, `crt_user`, `enable_flag`, `last_update_dttm`, `last_update_user`, `version`, `mx_as`, `mx_height`, `mx_relative`, `mx_width`, `mx_x`, `mx_y`, `fk_mx_cell_id`) VALUES ('c143acd4451148c4b4fc1987dd6f7201', NOW(), 'admin', b'1', NOW(), 'admin', 0, 'geometry', '66', NULL, '66', '550', '1000', '28ca0710b42e41799fdb5ea210651064');
INSERT INTO `mx_geometry`(`id`, `crt_dttm`, `crt_user`, `enable_flag`, `last_update_dttm`, `last_update_user`, `version`, `mx_as`, `mx_height`, `mx_relative`, `mx_width`, `mx_x`, `mx_y`, `fk_mx_cell_id`) VALUES ('c163d9629b1641e3af182a43b35ca73f', NOW(), 'admin', b'1', NOW(), 'admin', 0, 'geometry', '66', NULL, '66', '850', '600', 'cb74262c633c4bd695d8c399ce2bec69');
INSERT INTO `mx_geometry`(`id`, `crt_dttm`, `crt_user`, `enable_flag`, `last_update_dttm`, `last_update_user`, `version`, `mx_as`, `mx_height`, `mx_relative`, `mx_width`, `mx_x`, `mx_y`, `fk_mx_cell_id`) VALUES ('c278f68dbad64c5396bb241b331b3cca', NOW(), 'admin', b'1', NOW(), 'admin', 0, 'geometry', '66', NULL, '66', '277', '754', 'e76a8df44be34dd5a23e2fd8c3c31889');
INSERT INTO `mx_geometry`(`id`, `crt_dttm`, `crt_user`, `enable_flag`, `last_update_dttm`, `last_update_user`, `version`, `mx_as`, `mx_height`, `mx_relative`, `mx_width`, `mx_x`, `mx_y`, `fk_mx_cell_id`) VALUES ('c691ea6cc8b14950b887440c02d378db', NOW(), 'admin', b'1', NOW(), 'admin', 0, 'geometry', NULL, '1', NULL, NULL, NULL, '791719f8153e42a7b4549287e12d9e1c');
INSERT INTO `mx_geometry`(`id`, `crt_dttm`, `crt_user`, `enable_flag`, `last_update_dttm`, `last_update_user`, `version`, `mx_as`, `mx_height`, `mx_relative`, `mx_width`, `mx_x`, `mx_y`, `fk_mx_cell_id`) VALUES ('cbaefe6dd2b04abc8a197558e6456f6e', NOW(), 'admin', b'1', NOW(), 'admin', 0, 'geometry', NULL, '1', NULL, NULL, NULL, '5f385f2b426b4b84ae01c891e0ba650d');
INSERT INTO `mx_geometry`(`id`, `crt_dttm`, `crt_user`, `enable_flag`, `last_update_dttm`, `last_update_user`, `version`, `mx_as`, `mx_height`, `mx_relative`, `mx_width`, `mx_x`, `mx_y`, `fk_mx_cell_id`) VALUES ('cd8db3179278425b8e0f8126ad6360d9', NOW(), 'admin', b'1', NOW(), 'admin', 0, 'geometry', NULL, '1', NULL, NULL, NULL, '3c405dc611f644be923f091fb33d18a6');
INSERT INTO `mx_geometry`(`id`, `crt_dttm`, `crt_user`, `enable_flag`, `last_update_dttm`, `last_update_user`, `version`, `mx_as`, `mx_height`, `mx_relative`, `mx_width`, `mx_x`, `mx_y`, `fk_mx_cell_id`) VALUES ('d063b7e4a791464cbb5e7861ac05074e', NOW(), 'admin', b'1', NOW(), 'admin', 0, 'geometry', NULL, '1', NULL, NULL, NULL, 'c3ca1be73f0343c7a9e5145a11957578');
INSERT INTO `mx_geometry`(`id`, `crt_dttm`, `crt_user`, `enable_flag`, `last_update_dttm`, `last_update_user`, `version`, `mx_as`, `mx_height`, `mx_relative`, `mx_width`, `mx_x`, `mx_y`, `fk_mx_cell_id`) VALUES ('d276783c0ec843809079bba20fe863e4', NOW(), 'admin', b'1', NOW(), 'admin', 0, 'geometry', '66', NULL, '66', '436.5', '10', 'bc30534cd7ef455f8c4851e0babd6c1f');
INSERT INTO `mx_geometry`(`id`, `crt_dttm`, `crt_user`, `enable_flag`, `last_update_dttm`, `last_update_user`, `version`, `mx_as`, `mx_height`, `mx_relative`, `mx_width`, `mx_x`, `mx_y`, `fk_mx_cell_id`) VALUES ('d32e6922fb9c4b3791cc29beeb018127', NOW(), 'admin', b'1', NOW(), 'admin', 0, 'geometry', '66', NULL, '66', '850', '990', 'a46a378925ce42db891e153d4db77581');
INSERT INTO `mx_geometry`(`id`, `crt_dttm`, `crt_user`, `enable_flag`, `last_update_dttm`, `last_update_user`, `version`, `mx_as`, `mx_height`, `mx_relative`, `mx_width`, `mx_x`, `mx_y`, `fk_mx_cell_id`) VALUES ('d33d53f976d3405d81446978463a61d1', NOW(), 'admin', b'1', NOW(), 'admin', 0, 'geometry', '66', NULL, '66', '250', '600', '92a66a249a614d72972b3fe79ed0d323');
INSERT INTO `mx_geometry`(`id`, `crt_dttm`, `crt_user`, `enable_flag`, `last_update_dttm`, `last_update_user`, `version`, `mx_as`, `mx_height`, `mx_relative`, `mx_width`, `mx_x`, `mx_y`, `fk_mx_cell_id`) VALUES ('d4b72c0d62c24f18b57d2d0d21da20e1', NOW(), 'admin', b'1', NOW(), 'admin', 0, 'geometry', '66', NULL, '66', '376.625', '382', 'c88fe09bb8b34fb98bb5c2053cabe435');
INSERT INTO `mx_geometry`(`id`, `crt_dttm`, `crt_user`, `enable_flag`, `last_update_dttm`, `last_update_user`, `version`, `mx_as`, `mx_height`, `mx_relative`, `mx_width`, `mx_x`, `mx_y`, `fk_mx_cell_id`) VALUES ('db794fdb40504da9acf1149e808a9ffc', NOW(), 'admin', b'1', NOW(), 'admin', 0, 'geometry', '66', NULL, '66', '100', '800', 'e11fceb6aae94b9c9f4bbd2d44775f29');
INSERT INTO `mx_geometry`(`id`, `crt_dttm`, `crt_user`, `enable_flag`, `last_update_dttm`, `last_update_user`, `version`, `mx_as`, `mx_height`, `mx_relative`, `mx_width`, `mx_x`, `mx_y`, `fk_mx_cell_id`) VALUES ('e50c99ed6b30412cb5780cc94eb225f1', NOW(), 'admin', b'1', NOW(), 'admin', 0, 'geometry', '66', NULL, '66', '1300', '600', '9a241dbbca654766985c49ccb82806b7');
INSERT INTO `mx_geometry`(`id`, `crt_dttm`, `crt_user`, `enable_flag`, `last_update_dttm`, `last_update_user`, `version`, `mx_as`, `mx_height`, `mx_relative`, `mx_width`, `mx_x`, `mx_y`, `fk_mx_cell_id`) VALUES ('e60a576a9c5b4885a105940d5b338952', NOW(), 'admin', b'1', NOW(), 'admin', 0, 'geometry', NULL, '1', NULL, NULL, NULL, '7ca092885b374898b5570384748078f6');
INSERT INTO `mx_geometry`(`id`, `crt_dttm`, `crt_user`, `enable_flag`, `last_update_dttm`, `last_update_user`, `version`, `mx_as`, `mx_height`, `mx_relative`, `mx_width`, `mx_x`, `mx_y`, `fk_mx_cell_id`) VALUES ('ead9aad42957473a8d13ec48a7f6a00f', NOW(), 'admin', b'1', NOW(), 'admin', 0, 'geometry', NULL, '1', NULL, NULL, NULL, '4ad34d2365d747a1afca5bc353a506e2');
INSERT INTO `mx_geometry`(`id`, `crt_dttm`, `crt_user`, `enable_flag`, `last_update_dttm`, `last_update_user`, `version`, `mx_as`, `mx_height`, `mx_relative`, `mx_width`, `mx_x`, `mx_y`, `fk_mx_cell_id`) VALUES ('eddd98f74f26409cab314e0be5262403', NOW(), 'admin', b'1', NOW(), 'admin', 0, 'geometry', '66', NULL, '66', '850', '800', '3b058329ecbd4daf95122c4dc85b9bb3');
INSERT INTO `mx_geometry`(`id`, `crt_dttm`, `crt_user`, `enable_flag`, `last_update_dttm`, `last_update_user`, `version`, `mx_as`, `mx_height`, `mx_relative`, `mx_width`, `mx_x`, `mx_y`, `fk_mx_cell_id`) VALUES ('f1a40e3c72884e33829e09190afab795', NOW(), 'admin', b'1', NOW(), 'admin', 0, 'geometry', '66', NULL, '66', '850', '400', '6c435e7466aa42128b3c2dc8392510e6');
INSERT INTO `mx_geometry`(`id`, `crt_dttm`, `crt_user`, `enable_flag`, `last_update_dttm`, `last_update_user`, `version`, `mx_as`, `mx_height`, `mx_relative`, `mx_width`, `mx_x`, `mx_y`, `fk_mx_cell_id`) VALUES ('f3ae42b0b0764e5d8d70a6f1fca277c4', NOW(), 'admin', b'1', NOW(), 'admin', 0, 'geometry', '66', NULL, '66', '451.5', '196', '2654d43c30464a0d901a83fe359532f9');
INSERT INTO `mx_geometry`(`id`, `crt_dttm`, `crt_user`, `enable_flag`, `last_update_dttm`, `last_update_user`, `version`, `mx_as`, `mx_height`, `mx_relative`, `mx_width`, `mx_x`, `mx_y`, `fk_mx_cell_id`) VALUES ('f5773a2caa9743b2bf2b5a9c2cb384ab', NOW(), 'admin', b'1', NOW(), 'admin', 0, 'geometry', '66', NULL, '66', '1150', '600', '7dee73b470864facaceb74a253d7e5ca');
INSERT INTO `mx_geometry`(`id`, `crt_dttm`, `crt_user`, `enable_flag`, `last_update_dttm`, `last_update_user`, `version`, `mx_as`, `mx_height`, `mx_relative`, `mx_width`, `mx_x`, `mx_y`, `fk_mx_cell_id`) VALUES ('f5ab8cb664b94ed58ef8db3965261558', NOW(), 'admin', b'1', NOW(), 'admin', 0, 'geometry', NULL, '1', NULL, NULL, NULL, '3c4e10c0a41c44e581157502d781c1a1');
INSERT INTO `mx_geometry`(`id`, `crt_dttm`, `crt_user`, `enable_flag`, `last_update_dttm`, `last_update_user`, `version`, `mx_as`, `mx_height`, `mx_relative`, `mx_width`, `mx_x`, `mx_y`, `fk_mx_cell_id`) VALUES ('f5cc2b95963a4975a3adf861826375e6', NOW(), 'admin', b'1', NOW(), 'admin', 0, 'geometry', '66', NULL, '66', '1000', '400', '462723c42b2a4062b75eee40b3c2cc85');
INSERT INTO `mx_geometry`(`id`, `crt_dttm`, `crt_user`, `enable_flag`, `last_update_dttm`, `last_update_user`, `version`, `mx_as`, `mx_height`, `mx_relative`, `mx_width`, `mx_x`, `mx_y`, `fk_mx_cell_id`) VALUES ('fb20dfd2ceff4d97b58f6754358a3142', NOW(), 'admin', b'1', NOW(), 'admin', 0, 'geometry', '66', NULL, '66', '550', '600', 'fcdee0f3f30b47a28eb33cd432d0dfbe');
INSERT INTO `mx_geometry`(`id`, `crt_dttm`, `crt_user`, `enable_flag`, `last_update_dttm`, `last_update_user`, `version`, `mx_as`, `mx_height`, `mx_relative`, `mx_width`, `mx_x`, `mx_y`, `fk_mx_cell_id`) VALUES ('fbb911a8131349df9f7141486fd1041c', NOW(), 'admin', b'1', NOW(), 'admin', 0, 'geometry', NULL, '1', NULL, NULL, NULL, 'e307a1b2635c490da381e87d9ec6f7ac');
INSERT INTO `mx_geometry`(`id`, `crt_dttm`, `crt_user`, `enable_flag`, `last_update_dttm`, `last_update_user`, `version`, `mx_as`, `mx_height`, `mx_relative`, `mx_width`, `mx_x`, `mx_y`, `fk_mx_cell_id`) VALUES ('fcd1306eb3d2455a9b1addc62803c836', NOW(), 'admin', b'1', NOW(), 'admin', 0, 'geometry', NULL, '1', NULL, NULL, NULL, 'd3c89cda410d4a81a343c5327cb85e4a');
INSERT INTO `mx_geometry`(`id`, `crt_dttm`, `crt_user`, `enable_flag`, `last_update_dttm`, `last_update_user`, `version`, `mx_as`, `mx_height`, `mx_relative`, `mx_width`, `mx_x`, `mx_y`, `fk_mx_cell_id`) VALUES ('fcff349787cc4f85ad4c16e55a5de339', NOW(), 'admin', b'1', NOW(), 'admin', 0, 'geometry', '66', NULL, '66', '373', '754', 'a5a2552a68b24d4da2c664ec08a4b27c');


-- ----------------------------
-- Records of flow_stops
-- ----------------------------
INSERT INTO `flow_stops`(`id`, `crt_dttm`, `crt_user`, `enable_flag`, `last_update_dttm`, `last_update_user`, `version`, `bundel`, `description`, `groups`, `in_port_type`, `inports`, `is_checkpoint`, `name`, `out_port_type`, `outports`, `owner`, `page_id`, `start_time`, `state`, `stop_time`, `fk_flow_id`) VALUES ('00e6321fcb7e414e823841b9d234d6bd', NOW(), 'admin', b'1', NOW(), 'admin', 0, 'cn.piflow.bundle.hdfs.UnzipFilesOnHDFS', 'Unzip files on HDFS', 'Hdfs', 'DEFAULT', 'Default', b'0', 'UnzipFilesOnHDFS137', 'DEFAULT', 'Default', 'yangqidong@cnic.cn', '137', NULL, NULL, NULL, 'c9c77d24b65942fb9665fbdbe8710236');
INSERT INTO `flow_stops`(`id`, `crt_dttm`, `crt_user`, `enable_flag`, `last_update_dttm`, `last_update_user`, `version`, `bundel`, `description`, `groups`, `in_port_type`, `inports`, `is_checkpoint`, `name`, `out_port_type`, `outports`, `owner`, `page_id`, `start_time`, `state`, `stop_time`, `fk_flow_id`) VALUES ('033e870e49a842e08f08f8f201921b0d', NOW(), 'admin', b'1', NOW(), 'admin', 0, 'cn.piflow.bundle.common.Merge', 'Merge data into one stop.', 'CommonGroup', 'ANY', 'Any', b'1', 'Merge', 'DEFAULT', 'Default', 'xjzhu@cnic.cn', '6', NULL, NULL, NULL, '0c4fdee973824a999e1569770677c020');
INSERT INTO `flow_stops`(`id`, `crt_dttm`, `crt_user`, `enable_flag`, `last_update_dttm`, `last_update_user`, `version`, `bundel`, `description`, `groups`, `in_port_type`, `inports`, `is_checkpoint`, `name`, `out_port_type`, `outports`, `owner`, `page_id`, `start_time`, `state`, `stop_time`, `fk_flow_id`) VALUES ('08c040037c4447a09afe56c0a6df45f5', NOW(), 'admin', b'1', NOW(), 'admin', 0, 'cn.piflow.bundle.xml.XmlParser', 'Parse xml file.', 'Xml', 'DEFAULT', 'Default', b'0', 'XmlParser_incollection', 'DEFAULT', 'Default', 'xjzhu@cnic.cn', '59', NULL, NULL, NULL, 'c9c77d24b65942fb9665fbdbe8710236');
INSERT INTO `flow_stops`(`id`, `crt_dttm`, `crt_user`, `enable_flag`, `last_update_dttm`, `last_update_user`, `version`, `bundel`, `description`, `groups`, `in_port_type`, `inports`, `is_checkpoint`, `name`, `out_port_type`, `outports`, `owner`, `page_id`, `start_time`, `state`, `stop_time`, `fk_flow_id`) VALUES ('14b56561d2314467bfa0cf2c565216f7', NOW(), 'admin', b'1', NOW(), 'admin', 0, 'cn.piflow.bundle.xml.XmlParser', 'Parse xml file.', 'Xml', 'DEFAULT', 'Default', b'0', 'XmlParser_phdthesis', 'DEFAULT', 'Default', 'xjzhu@cnic.cn', '67', NULL, NULL, NULL, 'c9c77d24b65942fb9665fbdbe8710236');
INSERT INTO `flow_stops`(`id`, `crt_dttm`, `crt_user`, `enable_flag`, `last_update_dttm`, `last_update_user`, `version`, `bundel`, `description`, `groups`, `in_port_type`, `inports`, `is_checkpoint`, `name`, `out_port_type`, `outports`, `owner`, `page_id`, `start_time`, `state`, `stop_time`, `fk_flow_id`) VALUES ('17e2c1a803d4453a818ae6c8f745b915', NOW(), 'admin', b'1', NOW(), 'admin', 0, 'cn.piflow.bundle.hive.PutHiveStreaming', 'Save data into hive.', 'Hive', 'DEFAULT', 'Default', b'0', 'PutHiveStreaming_www', 'NONE', 'None', 'xjzhu@cnic.cn', '48', NULL, NULL, NULL, 'c9c77d24b65942fb9665fbdbe8710236');
INSERT INTO `flow_stops`(`id`, `crt_dttm`, `crt_user`, `enable_flag`, `last_update_dttm`, `last_update_user`, `version`, `bundel`, `description`, `groups`, `in_port_type`, `inports`, `is_checkpoint`, `name`, `out_port_type`, `outports`, `owner`, `page_id`, `start_time`, `state`, `stop_time`, `fk_flow_id`) VALUES ('18d23fcb6dda488bade2c2ff6445ac50', NOW(), 'admin', b'1', NOW(), 'admin', 0, 'cn.piflow.bundle.hive.PutHiveStreaming', 'Save data into hive.', 'Hive', 'DEFAULT', 'Default', b'0', 'PutHiveStreaming_phdthesis', 'NONE', 'None', 'xjzhu@cnic.cn', '73', NULL, NULL, NULL, 'c9c77d24b65942fb9665fbdbe8710236');
INSERT INTO `flow_stops`(`id`, `crt_dttm`, `crt_user`, `enable_flag`, `last_update_dttm`, `last_update_user`, `version`, `bundel`, `description`, `groups`, `in_port_type`, `inports`, `is_checkpoint`, `name`, `out_port_type`, `outports`, `owner`, `page_id`, `start_time`, `state`, `stop_time`, `fk_flow_id`) VALUES ('1f089b0ea2b94ad5b68f5c1e07ae186e', NOW(), 'admin', b'1', NOW(), 'admin', 0, 'cn.piflow.bundle.xml.XmlParser', 'Parse xml file.', 'Xml', 'DEFAULT', 'Default', b'0', 'XmlParser_inproceedings', 'DEFAULT', 'Default', 'xjzhu@cnic.cn', '49', NULL, NULL, NULL, 'c9c77d24b65942fb9665fbdbe8710236');
INSERT INTO `flow_stops`(`id`, `crt_dttm`, `crt_user`, `enable_flag`, `last_update_dttm`, `last_update_user`, `version`, `bundel`, `description`, `groups`, `in_port_type`, `inports`, `is_checkpoint`, `name`, `out_port_type`, `outports`, `owner`, `page_id`, `start_time`, `state`, `stop_time`, `fk_flow_id`) VALUES ('229a334908e1441b91391e2983803f91', NOW(), 'admin', b'1', NOW(), 'admin', 0, 'cn.piflow.bundle.csv.CsvSave', 'Save data into csv file.', 'CsvGroup', 'DEFAULT', 'Default', b'0', 'CsvSave', 'NONE', 'None', 'xjzhu@cnic.cn', '13', NULL, NULL, NULL, '0c4fdee973824a999e1569770677c020');
INSERT INTO `flow_stops`(`id`, `crt_dttm`, `crt_user`, `enable_flag`, `last_update_dttm`, `last_update_user`, `version`, `bundel`, `description`, `groups`, `in_port_type`, `inports`, `is_checkpoint`, `name`, `out_port_type`, `outports`, `owner`, `page_id`, `start_time`, `state`, `stop_time`, `fk_flow_id`) VALUES ('229a980a8c2541cf817b4f07cb1aeaaf', NOW(), 'admin', b'1', NOW(), 'admin', 0, 'cn.piflow.bundle.common.SelectField', 'Select data field.', 'Common', 'DEFAULT', 'Default', b'0', 'SelectField_inproceedings', 'DEFAULT', 'Default', 'xjzhu@cnic.cn', '87', NULL, NULL, NULL, 'c9c77d24b65942fb9665fbdbe8710236');
INSERT INTO `flow_stops`(`id`, `crt_dttm`, `crt_user`, `enable_flag`, `last_update_dttm`, `last_update_user`, `version`, `bundel`, `description`, `groups`, `in_port_type`, `inports`, `is_checkpoint`, `name`, `out_port_type`, `outports`, `owner`, `page_id`, `start_time`, `state`, `stop_time`, `fk_flow_id`) VALUES ('27dd6e671508412789e18daba785d13a', NOW(), 'admin', b'1', NOW(), 'admin', 0, 'cn.piflow.bundle.xml.XmlParser', 'Parse xml file.', 'Xml', 'DEFAULT', 'Default', b'0', 'XmlParser_proceedings', 'DEFAULT', 'Default', 'xjzhu@cnic.cn', '70', NULL, NULL, NULL, 'c9c77d24b65942fb9665fbdbe8710236');
INSERT INTO `flow_stops`(`id`, `crt_dttm`, `crt_user`, `enable_flag`, `last_update_dttm`, `last_update_user`, `version`, `bundel`, `description`, `groups`, `in_port_type`, `inports`, `is_checkpoint`, `name`, `out_port_type`, `outports`, `owner`, `page_id`, `start_time`, `state`, `stop_time`, `fk_flow_id`) VALUES ('2857b4727b174c3f825443bd7674d615', NOW(), 'admin', b'1', NOW(), 'admin', 0, 'cn.piflow.bundle.common.ConvertSchema', 'Transform field name', 'Common', 'DEFAULT', 'Default', b'0', 'ConvertSchema_incollection', 'DEFAULT', 'Default', 'yangqidong@cnic.cn', '69', NULL, NULL, NULL, 'c9c77d24b65942fb9665fbdbe8710236');
INSERT INTO `flow_stops`(`id`, `crt_dttm`, `crt_user`, `enable_flag`, `last_update_dttm`, `last_update_user`, `version`, `bundel`, `description`, `groups`, `in_port_type`, `inports`, `is_checkpoint`, `name`, `out_port_type`, `outports`, `owner`, `page_id`, `start_time`, `state`, `stop_time`, `fk_flow_id`) VALUES ('30e18a027f4b47d7a504d76fe9672502', NOW(), 'admin', b'1', NOW(), 'admin', 0, 'cn.piflow.bundle.xml.XmlParser', 'Parse xml file.', 'XmlGroup', 'NONE', 'None', b'0', 'XmlParser', 'DEFAULT', 'Default', 'xjzhu@cnic.cn', '2', NULL, NULL, NULL, '0c4fdee973824a999e1569770677c020');
INSERT INTO `flow_stops`(`id`, `crt_dttm`, `crt_user`, `enable_flag`, `last_update_dttm`, `last_update_user`, `version`, `bundel`, `description`, `groups`, `in_port_type`, `inports`, `is_checkpoint`, `name`, `out_port_type`, `outports`, `owner`, `page_id`, `start_time`, `state`, `stop_time`, `fk_flow_id`) VALUES ('319053908d1a4f6eb0636bea49758a28', NOW(), 'admin', b'1', NOW(), 'admin', 0, 'cn.piflow.bundle.common.ConvertSchema', 'Transform field name', 'Common', 'DEFAULT', 'Default', b'0', 'ConvertSchema_www', 'DEFAULT', 'Default', 'yangqidong@cnic.cn', '66', NULL, NULL, NULL, 'c9c77d24b65942fb9665fbdbe8710236');
INSERT INTO `flow_stops`(`id`, `crt_dttm`, `crt_user`, `enable_flag`, `last_update_dttm`, `last_update_user`, `version`, `bundel`, `description`, `groups`, `in_port_type`, `inports`, `is_checkpoint`, `name`, `out_port_type`, `outports`, `owner`, `page_id`, `start_time`, `state`, `stop_time`, `fk_flow_id`) VALUES ('3abb221b73504713a2cdaddd3e1b674b', NOW(), 'admin', b'1', NOW(), 'admin', 0, 'cn.piflow.bundle.hive.PutHiveStreaming', 'Save data into hive.', 'Hive', 'DEFAULT', 'Default', b'0', 'PutHiveStreaming_article', 'NONE', 'None', 'xjzhu@cnic.cn', '51', NULL, NULL, NULL, 'c9c77d24b65942fb9665fbdbe8710236');
INSERT INTO `flow_stops`(`id`, `crt_dttm`, `crt_user`, `enable_flag`, `last_update_dttm`, `last_update_user`, `version`, `bundel`, `description`, `groups`, `in_port_type`, `inports`, `is_checkpoint`, `name`, `out_port_type`, `outports`, `owner`, `page_id`, `start_time`, `state`, `stop_time`, `fk_flow_id`) VALUES ('41a55c9b3b204d42aadfb2b22cbfd1a7', NOW(), 'admin', b'1', NOW(), 'admin', 0, 'cn.piflow.bundle.common.ConvertSchema', 'Transform field name', 'Common', 'DEFAULT', 'Default', b'0', 'ConvertSchema_article', 'DEFAULT', 'Default', 'yangqidong@cnic.cn', '88', NULL, NULL, NULL, 'c9c77d24b65942fb9665fbdbe8710236');
INSERT INTO `flow_stops`(`id`, `crt_dttm`, `crt_user`, `enable_flag`, `last_update_dttm`, `last_update_user`, `version`, `bundel`, `description`, `groups`, `in_port_type`, `inports`, `is_checkpoint`, `name`, `out_port_type`, `outports`, `owner`, `page_id`, `start_time`, `state`, `stop_time`, `fk_flow_id`) VALUES ('4e647aa066f44f548eeff0c78d64e9ef', NOW(), 'admin', b'1', NOW(), 'admin', 0, 'cn.piflow.bundle.common.SelectField', 'Select data field.', 'Common', 'DEFAULT', 'Default', b'0', 'SelectField_proceedings', 'DEFAULT', 'Default', 'xjzhu@cnic.cn', '65', NULL, NULL, NULL, 'c9c77d24b65942fb9665fbdbe8710236');
INSERT INTO `flow_stops`(`id`, `crt_dttm`, `crt_user`, `enable_flag`, `last_update_dttm`, `last_update_user`, `version`, `bundel`, `description`, `groups`, `in_port_type`, `inports`, `is_checkpoint`, `name`, `out_port_type`, `outports`, `owner`, `page_id`, `start_time`, `state`, `stop_time`, `fk_flow_id`) VALUES ('57cf60f9f7914d1e8c771c2a0865b7e6', NOW(), 'admin', b'1', NOW(), 'admin', 0, 'cn.piflow.bundle.hdfs.UnzipFilesOnHDFS', 'Unzip files on HDFS', 'Hdfs', 'DEFAULT', 'Default', b'0', 'UnzipFilesOnHDFS134', 'DEFAULT', 'Default', 'yangqidong@cnic.cn', '134', NULL, NULL, NULL, 'c9c77d24b65942fb9665fbdbe8710236');
INSERT INTO `flow_stops`(`id`, `crt_dttm`, `crt_user`, `enable_flag`, `last_update_dttm`, `last_update_user`, `version`, `bundel`, `description`, `groups`, `in_port_type`, `inports`, `is_checkpoint`, `name`, `out_port_type`, `outports`, `owner`, `page_id`, `start_time`, `state`, `stop_time`, `fk_flow_id`) VALUES ('59595573a5554f428389e5469d292894', NOW(), 'admin', b'1', NOW(), 'admin', 0, 'cn.piflow.bundle.common.SelectField', 'Select data field.', 'Common', 'DEFAULT', 'Default', b'0', 'SelectField_www', 'DEFAULT', 'Default', 'xjzhu@cnic.cn', '74', NULL, NULL, NULL, 'c9c77d24b65942fb9665fbdbe8710236');
INSERT INTO `flow_stops`(`id`, `crt_dttm`, `crt_user`, `enable_flag`, `last_update_dttm`, `last_update_user`, `version`, `bundel`, `description`, `groups`, `in_port_type`, `inports`, `is_checkpoint`, `name`, `out_port_type`, `outports`, `owner`, `page_id`, `start_time`, `state`, `stop_time`, `fk_flow_id`) VALUES ('6234c3e144bd4fdbb9c171b7c923ced9', NOW(), 'admin', b'1', NOW(), 'admin', 0, 'cn.piflow.bundle.hive.PutHiveStreaming', 'Save data into hive.', 'Hive', 'DEFAULT', 'Default', b'0', 'PutHiveStreaming_proceedings', 'NONE', 'None', 'xjzhu@cnic.cn', '86', NULL, NULL, NULL, 'c9c77d24b65942fb9665fbdbe8710236');
INSERT INTO `flow_stops`(`id`, `crt_dttm`, `crt_user`, `enable_flag`, `last_update_dttm`, `last_update_user`, `version`, `bundel`, `description`, `groups`, `in_port_type`, `inports`, `is_checkpoint`, `name`, `out_port_type`, `outports`, `owner`, `page_id`, `start_time`, `state`, `stop_time`, `fk_flow_id`) VALUES ('6dc3a6b04d2d4ed988c045d7a0d8e956', NOW(), 'admin', b'1', NOW(), 'admin', 0, 'cn.piflow.bundle.hdfs.UnzipFilesOnHDFS', 'Unzip files on HDFS', 'Hdfs', 'DEFAULT', 'Default', b'0', 'UnzipFilesOnHDFS135', 'DEFAULT', 'Default', 'yangqidong@cnic.cn', '135', NULL, NULL, NULL, 'c9c77d24b65942fb9665fbdbe8710236');
INSERT INTO `flow_stops`(`id`, `crt_dttm`, `crt_user`, `enable_flag`, `last_update_dttm`, `last_update_user`, `version`, `bundel`, `description`, `groups`, `in_port_type`, `inports`, `is_checkpoint`, `name`, `out_port_type`, `outports`, `owner`, `page_id`, `start_time`, `state`, `stop_time`, `fk_flow_id`) VALUES ('724c4783e52f4b22ad87d9ffc7a520e7', NOW(), 'admin', b'1', NOW(), 'admin', 0, 'cn.piflow.bundle.xml.XmlParser', 'Parse xml file.', 'Xml', 'DEFAULT', 'Default', b'0', 'XmlParser_book', 'DEFAULT', 'Default', 'xjzhu@cnic.cn', '89', NULL, NULL, NULL, 'c9c77d24b65942fb9665fbdbe8710236');
INSERT INTO `flow_stops`(`id`, `crt_dttm`, `crt_user`, `enable_flag`, `last_update_dttm`, `last_update_user`, `version`, `bundel`, `description`, `groups`, `in_port_type`, `inports`, `is_checkpoint`, `name`, `out_port_type`, `outports`, `owner`, `page_id`, `start_time`, `state`, `stop_time`, `fk_flow_id`) VALUES ('730826073d3d4fc38880eb731c9d966f', NOW(), 'admin', b'1', NOW(), 'admin', 0, 'cn.piflow.bundle.hdfs.UnzipFilesOnHDFS', 'Unzip files on HDFS', 'Hdfs', 'DEFAULT', 'Default', b'0', 'UnzipFilesOnHDFS133', 'DEFAULT', 'Default', 'yangqidong@cnic.cn', '133', NULL, NULL, NULL, 'c9c77d24b65942fb9665fbdbe8710236');
INSERT INTO `flow_stops`(`id`, `crt_dttm`, `crt_user`, `enable_flag`, `last_update_dttm`, `last_update_user`, `version`, `bundel`, `description`, `groups`, `in_port_type`, `inports`, `is_checkpoint`, `name`, `out_port_type`, `outports`, `owner`, `page_id`, `start_time`, `state`, `stop_time`, `fk_flow_id`) VALUES ('81f100fb0af84e9cae91c43f3a25241b', NOW(), 'admin', b'1', NOW(), 'admin', 0, 'cn.piflow.bundle.common.Fork', 'Fork data into diffenrent stop.', 'Common', 'DEFAULT', 'Default', b'0', 'Fork', 'ANY', 'Any', 'xjzhu@cnic.cn', '85', NULL, NULL, NULL, 'c9c77d24b65942fb9665fbdbe8710236');
INSERT INTO `flow_stops`(`id`, `crt_dttm`, `crt_user`, `enable_flag`, `last_update_dttm`, `last_update_user`, `version`, `bundel`, `description`, `groups`, `in_port_type`, `inports`, `is_checkpoint`, `name`, `out_port_type`, `outports`, `owner`, `page_id`, `start_time`, `state`, `stop_time`, `fk_flow_id`) VALUES ('827637466cf94b95a1ab9cce7105c3b3', NOW(), 'admin', b'1', NOW(), 'admin', 0, 'cn.piflow.bundle.json.JsonSave', 'Save data into json file.', 'JsonGroup', 'DEFAULT', 'Default', b'0', 'JsonSave', 'NONE', 'None', 'xjzhu@cnic.cn', '15', NULL, NULL, NULL, '0c4fdee973824a999e1569770677c020');
INSERT INTO `flow_stops`(`id`, `crt_dttm`, `crt_user`, `enable_flag`, `last_update_dttm`, `last_update_user`, `version`, `bundel`, `description`, `groups`, `in_port_type`, `inports`, `is_checkpoint`, `name`, `out_port_type`, `outports`, `owner`, `page_id`, `start_time`, `state`, `stop_time`, `fk_flow_id`) VALUES ('872a894641a440b58ca9f129c5ceff0f', NOW(), 'admin', b'1', NOW(), 'admin', 0, 'cn.piflow.bundle.xml.XmlParser', 'Parse xml file.', 'Xml', 'DEFAULT', 'Default', b'0', 'XmlParser_www', 'DEFAULT', 'Default', 'xjzhu@cnic.cn', '60', NULL, NULL, NULL, 'c9c77d24b65942fb9665fbdbe8710236');
INSERT INTO `flow_stops`(`id`, `crt_dttm`, `crt_user`, `enable_flag`, `last_update_dttm`, `last_update_user`, `version`, `bundel`, `description`, `groups`, `in_port_type`, `inports`, `is_checkpoint`, `name`, `out_port_type`, `outports`, `owner`, `page_id`, `start_time`, `state`, `stop_time`, `fk_flow_id`) VALUES ('8ec234c86ed74f19bb8875a7c3b0fcd2', NOW(), 'admin', b'1', NOW(), 'admin', 0, 'cn.piflow.bundle.common.SelectField', 'Select data field.', 'Common', 'DEFAULT', 'Default', b'0', 'SelectField_mastersthesis', 'DEFAULT', 'Default', 'xjzhu@cnic.cn', '72', NULL, NULL, NULL, 'c9c77d24b65942fb9665fbdbe8710236');
INSERT INTO `flow_stops`(`id`, `crt_dttm`, `crt_user`, `enable_flag`, `last_update_dttm`, `last_update_user`, `version`, `bundel`, `description`, `groups`, `in_port_type`, `inports`, `is_checkpoint`, `name`, `out_port_type`, `outports`, `owner`, `page_id`, `start_time`, `state`, `stop_time`, `fk_flow_id`) VALUES ('9791a63b506948e091bc457ce59c2f34', NOW(), 'admin', b'1', NOW(), 'admin', 0, 'cn.piflow.bundle.common.SelectField', 'Select data field.', 'Common', 'DEFAULT', 'Default', b'0', 'SelectField_book', 'DEFAULT', 'Default', 'xjzhu@cnic.cn', '68', NULL, NULL, NULL, 'c9c77d24b65942fb9665fbdbe8710236');
INSERT INTO `flow_stops`(`id`, `crt_dttm`, `crt_user`, `enable_flag`, `last_update_dttm`, `last_update_user`, `version`, `bundel`, `description`, `groups`, `in_port_type`, `inports`, `is_checkpoint`, `name`, `out_port_type`, `outports`, `owner`, `page_id`, `start_time`, `state`, `stop_time`, `fk_flow_id`) VALUES ('9837c8660ebb4a7aa9be3f66a9a9b3df', NOW(), 'admin', b'1', NOW(), 'admin', 0, 'cn.piflow.bundle.hive.PutHiveStreaming', 'Save data into hive.', 'Hive', 'DEFAULT', 'Default', b'0', 'PutHiveStreaming_inproceedings', 'NONE', 'None', 'xjzhu@cnic.cn', '54', NULL, NULL, NULL, 'c9c77d24b65942fb9665fbdbe8710236');
INSERT INTO `flow_stops`(`id`, `crt_dttm`, `crt_user`, `enable_flag`, `last_update_dttm`, `last_update_user`, `version`, `bundel`, `description`, `groups`, `in_port_type`, `inports`, `is_checkpoint`, `name`, `out_port_type`, `outports`, `owner`, `page_id`, `start_time`, `state`, `stop_time`, `fk_flow_id`) VALUES ('9b66467045bd403699eea6dd5e8e3b01', NOW(), 'admin', b'1', NOW(), 'admin', 0, 'cn.piflow.bundle.hdfs.UnzipFilesOnHDFS', 'Unzip files on HDFS', 'Hdfs', 'DEFAULT', 'Default', b'0', 'UnzipFilesOnHDFS', 'DEFAULT', 'Default', 'yangqidong@cnic.cn', '64', NULL, NULL, NULL, 'c9c77d24b65942fb9665fbdbe8710236');
INSERT INTO `flow_stops`(`id`, `crt_dttm`, `crt_user`, `enable_flag`, `last_update_dttm`, `last_update_user`, `version`, `bundel`, `description`, `groups`, `in_port_type`, `inports`, `is_checkpoint`, `name`, `out_port_type`, `outports`, `owner`, `page_id`, `start_time`, `state`, `stop_time`, `fk_flow_id`) VALUES ('ae5987691aa5495198caa56bb6247802', NOW(), 'admin', b'1', NOW(), 'admin', 0, 'cn.piflow.bundle.common.SelectField', 'Select data field.', 'Common', 'DEFAULT', 'Default', b'0', 'SelectField_incollection', 'DEFAULT', 'Default', 'xjzhu@cnic.cn', '52', NULL, NULL, NULL, 'c9c77d24b65942fb9665fbdbe8710236');
INSERT INTO `flow_stops`(`id`, `crt_dttm`, `crt_user`, `enable_flag`, `last_update_dttm`, `last_update_user`, `version`, `bundel`, `description`, `groups`, `in_port_type`, `inports`, `is_checkpoint`, `name`, `out_port_type`, `outports`, `owner`, `page_id`, `start_time`, `state`, `stop_time`, `fk_flow_id`) VALUES ('b109d6a9aed34c48b2377f5f1c5895bf', NOW(), 'admin', b'1', NOW(), 'admin', 0, 'cn.piflow.bundle.common.SelectField', 'Select data field.', 'Common', 'DEFAULT', 'Default', b'0', 'SelectField_article', 'DEFAULT', 'Default', 'xjzhu@cnic.cn', '75', NULL, NULL, NULL, 'c9c77d24b65942fb9665fbdbe8710236');
INSERT INTO `flow_stops`(`id`, `crt_dttm`, `crt_user`, `enable_flag`, `last_update_dttm`, `last_update_user`, `version`, `bundel`, `description`, `groups`, `in_port_type`, `inports`, `is_checkpoint`, `name`, `out_port_type`, `outports`, `owner`, `page_id`, `start_time`, `state`, `stop_time`, `fk_flow_id`) VALUES ('b258c2e02fd74e008535cd83284f49a0', NOW(), 'admin', b'1', NOW(), 'admin', 0, 'cn.piflow.bundle.common.Fork', 'Fork data into diffenrent stop.', 'CommonGroup', 'DEFAULT', 'Default', b'0', 'Fork', 'ANY', 'Any', 'xjzhu@cnic.cn', '9', NULL, NULL, NULL, '0c4fdee973824a999e1569770677c020');
INSERT INTO `flow_stops`(`id`, `crt_dttm`, `crt_user`, `enable_flag`, `last_update_dttm`, `last_update_user`, `version`, `bundel`, `description`, `groups`, `in_port_type`, `inports`, `is_checkpoint`, `name`, `out_port_type`, `outports`, `owner`, `page_id`, `start_time`, `state`, `stop_time`, `fk_flow_id`) VALUES ('b283f13b89534e8ba8182833680b4134', NOW(), 'admin', b'1', NOW(), 'admin', 0, 'cn.piflow.bundle.common.ConvertSchema', 'Transform field name', 'Common', 'DEFAULT', 'Default', b'0', 'ConvertSchema_proceedings', 'DEFAULT', 'Default', 'yangqidong@cnic.cn', '56', NULL, NULL, NULL, 'c9c77d24b65942fb9665fbdbe8710236');
INSERT INTO `flow_stops`(`id`, `crt_dttm`, `crt_user`, `enable_flag`, `last_update_dttm`, `last_update_user`, `version`, `bundel`, `description`, `groups`, `in_port_type`, `inports`, `is_checkpoint`, `name`, `out_port_type`, `outports`, `owner`, `page_id`, `start_time`, `state`, `stop_time`, `fk_flow_id`) VALUES ('ce465f4a525a4d0cac2b7b24bd89e30c', NOW(), 'admin', b'1', NOW(), 'admin', 0, 'cn.piflow.bundle.hive.PutHiveStreaming', 'Save data into hive.', 'Hive', 'DEFAULT', 'Default', b'0', 'PutHiveStreaming_mastersthesis', 'NONE', 'None', 'xjzhu@cnic.cn', '50', NULL, NULL, NULL, 'c9c77d24b65942fb9665fbdbe8710236');
INSERT INTO `flow_stops`(`id`, `crt_dttm`, `crt_user`, `enable_flag`, `last_update_dttm`, `last_update_user`, `version`, `bundel`, `description`, `groups`, `in_port_type`, `inports`, `is_checkpoint`, `name`, `out_port_type`, `outports`, `owner`, `page_id`, `start_time`, `state`, `stop_time`, `fk_flow_id`) VALUES ('d11a78d504d741a6a21b77e3803afd2f', NOW(), 'admin', b'1', NOW(), 'admin', 0, 'cn.piflow.bundle.common.ConvertSchema', 'Transform field name', 'Common', 'DEFAULT', 'Default', b'0', 'ConvertSchema_mastersthesis', 'DEFAULT', 'Default', 'yangqidong@cnic.cn', '58', NULL, NULL, NULL, 'c9c77d24b65942fb9665fbdbe8710236');
INSERT INTO `flow_stops`(`id`, `crt_dttm`, `crt_user`, `enable_flag`, `last_update_dttm`, `last_update_user`, `version`, `bundel`, `description`, `groups`, `in_port_type`, `inports`, `is_checkpoint`, `name`, `out_port_type`, `outports`, `owner`, `page_id`, `start_time`, `state`, `stop_time`, `fk_flow_id`) VALUES ('d2266c3179de4c5385cef17985c03933', NOW(), 'admin', b'1', NOW(), 'admin', 0, 'cn.piflow.bundle.csv.CsvParser', 'Parse csv file.', 'CsvGroup', 'NONE', 'None', b'0', 'CsvParser', 'DEFAULT', 'Default', 'xjzhu@cnic.cn', '5', NULL, NULL, NULL, '0c4fdee973824a999e1569770677c020');
INSERT INTO `flow_stops`(`id`, `crt_dttm`, `crt_user`, `enable_flag`, `last_update_dttm`, `last_update_user`, `version`, `bundel`, `description`, `groups`, `in_port_type`, `inports`, `is_checkpoint`, `name`, `out_port_type`, `outports`, `owner`, `page_id`, `start_time`, `state`, `stop_time`, `fk_flow_id`) VALUES ('d5cc3ff19360423696e08d449bd80130', NOW(), 'admin', b'1', NOW(), 'admin', 0, 'cn.piflow.bundle.common.SelectField', 'Select data field.', 'Common', 'DEFAULT', 'Default', b'0', 'SelectField_phdthesis', 'DEFAULT', 'Default', 'xjzhu@cnic.cn', '91', NULL, NULL, NULL, 'c9c77d24b65942fb9665fbdbe8710236');
INSERT INTO `flow_stops`(`id`, `crt_dttm`, `crt_user`, `enable_flag`, `last_update_dttm`, `last_update_user`, `version`, `bundel`, `description`, `groups`, `in_port_type`, `inports`, `is_checkpoint`, `name`, `out_port_type`, `outports`, `owner`, `page_id`, `start_time`, `state`, `stop_time`, `fk_flow_id`) VALUES ('d68f29590a2845e1a8a944bccaf6b311', NOW(), 'admin', b'1', NOW(), 'admin', 0, 'cn.piflow.bundle.hive.PutHiveStreaming', 'Save data into hive.', 'HiveGroup', 'DEFAULT', 'Default', b'0', 'PutHiveStreaming', 'NONE', 'None', 'xjzhu@cnic.cn', '11', NULL, NULL, NULL, '0c4fdee973824a999e1569770677c020');
INSERT INTO `flow_stops`(`id`, `crt_dttm`, `crt_user`, `enable_flag`, `last_update_dttm`, `last_update_user`, `version`, `bundel`, `description`, `groups`, `in_port_type`, `inports`, `is_checkpoint`, `name`, `out_port_type`, `outports`, `owner`, `page_id`, `start_time`, `state`, `stop_time`, `fk_flow_id`) VALUES ('d9a9adb003b94ce8a30d2c0acf9b7103', NOW(), 'admin', b'1', NOW(), 'admin', 0, 'cn.piflow.bundle.http.FileDownHDFS', 'Download the network link to HDFS', 'Http', 'NONE', 'None', b'0', 'FileDownHDFS', 'DEFAULT', 'Default', 'yangqidong@cnic.cn', '130', NULL, NULL, NULL, 'c9c77d24b65942fb9665fbdbe8710236');
INSERT INTO `flow_stops`(`id`, `crt_dttm`, `crt_user`, `enable_flag`, `last_update_dttm`, `last_update_user`, `version`, `bundel`, `description`, `groups`, `in_port_type`, `inports`, `is_checkpoint`, `name`, `out_port_type`, `outports`, `owner`, `page_id`, `start_time`, `state`, `stop_time`, `fk_flow_id`) VALUES ('da9bc38d76ef4c20bcb26cf2f3c62300', NOW(), 'admin', b'1', NOW(), 'admin', 0, 'cn.piflow.bundle.common.SelectField', 'Select data field.', 'CommonGroup', 'DEFAULT', 'Default', b'1', 'SelectField', 'DEFAULT', 'Default', 'xjzhu@cnic.cn', '3', NULL, NULL, NULL, '0c4fdee973824a999e1569770677c020');
INSERT INTO `flow_stops`(`id`, `crt_dttm`, `crt_user`, `enable_flag`, `last_update_dttm`, `last_update_user`, `version`, `bundel`, `description`, `groups`, `in_port_type`, `inports`, `is_checkpoint`, `name`, `out_port_type`, `outports`, `owner`, `page_id`, `start_time`, `state`, `stop_time`, `fk_flow_id`) VALUES ('e27dd03beb4a4e31a341efa778e1d8d8', NOW(), 'admin', b'1', NOW(), 'admin', 0, 'cn.piflow.bundle.common.ConvertSchema', 'Transform field name', 'Common', 'DEFAULT', 'Default', b'0', 'ConvertSchema_book', 'DEFAULT', 'Default', 'yangqidong@cnic.cn', '90', NULL, NULL, NULL, 'c9c77d24b65942fb9665fbdbe8710236');
INSERT INTO `flow_stops`(`id`, `crt_dttm`, `crt_user`, `enable_flag`, `last_update_dttm`, `last_update_user`, `version`, `bundel`, `description`, `groups`, `in_port_type`, `inports`, `is_checkpoint`, `name`, `out_port_type`, `outports`, `owner`, `page_id`, `start_time`, `state`, `stop_time`, `fk_flow_id`) VALUES ('e40689a3afde4e9b9946a91949d6e9ac', NOW(), 'admin', b'1', NOW(), 'admin', 0, 'cn.piflow.bundle.hive.PutHiveStreaming', 'Save data into hive.', 'Hive', 'DEFAULT', 'Default', b'0', 'PutHiveStreaming_book', 'NONE', 'None', 'xjzhu@cnic.cn', '62', NULL, NULL, NULL, 'c9c77d24b65942fb9665fbdbe8710236');
INSERT INTO `flow_stops`(`id`, `crt_dttm`, `crt_user`, `enable_flag`, `last_update_dttm`, `last_update_user`, `version`, `bundel`, `description`, `groups`, `in_port_type`, `inports`, `is_checkpoint`, `name`, `out_port_type`, `outports`, `owner`, `page_id`, `start_time`, `state`, `stop_time`, `fk_flow_id`) VALUES ('e6e59ad9d63d4249887c49703fe2f8cd', NOW(), 'admin', b'1', NOW(), 'admin', 0, 'cn.piflow.bundle.xml.XmlParser', 'Parse xml file.', 'Xml', 'DEFAULT', 'Default', b'0', 'XmlParser_article', 'DEFAULT', 'Default', 'xjzhu@cnic.cn', '76', NULL, NULL, NULL, 'c9c77d24b65942fb9665fbdbe8710236');
INSERT INTO `flow_stops`(`id`, `crt_dttm`, `crt_user`, `enable_flag`, `last_update_dttm`, `last_update_user`, `version`, `bundel`, `description`, `groups`, `in_port_type`, `inports`, `is_checkpoint`, `name`, `out_port_type`, `outports`, `owner`, `page_id`, `start_time`, `state`, `stop_time`, `fk_flow_id`) VALUES ('edcdbdb75ad24ea5a28d25c3bd594032', NOW(), 'admin', b'1', NOW(), 'admin', 0, 'cn.piflow.bundle.xml.XmlParser', 'Parse xml file.', 'Xml', 'DEFAULT', 'Default', b'0', 'XmlParser_mastersthesis', 'DEFAULT', 'Default', 'xjzhu@cnic.cn', '55', NULL, NULL, NULL, 'c9c77d24b65942fb9665fbdbe8710236');
INSERT INTO `flow_stops`(`id`, `crt_dttm`, `crt_user`, `enable_flag`, `last_update_dttm`, `last_update_user`, `version`, `bundel`, `description`, `groups`, `in_port_type`, `inports`, `is_checkpoint`, `name`, `out_port_type`, `outports`, `owner`, `page_id`, `start_time`, `state`, `stop_time`, `fk_flow_id`) VALUES ('ee674c0e2c3f48ffb8320251af2457db', NOW(), 'admin', b'1', NOW(), 'admin', 0, 'cn.piflow.bundle.hdfs.UnzipFilesOnHDFS', 'Unzip files on HDFS', 'Hdfs', 'DEFAULT', 'Default', b'0', 'UnzipFilesOnHDFS136', 'DEFAULT', 'Default', 'yangqidong@cnic.cn', '136', NULL, NULL, NULL, 'c9c77d24b65942fb9665fbdbe8710236');
INSERT INTO `flow_stops`(`id`, `crt_dttm`, `crt_user`, `enable_flag`, `last_update_dttm`, `last_update_user`, `version`, `bundel`, `description`, `groups`, `in_port_type`, `inports`, `is_checkpoint`, `name`, `out_port_type`, `outports`, `owner`, `page_id`, `start_time`, `state`, `stop_time`, `fk_flow_id`) VALUES ('f6634da9669042f0854aa1fb8e7c4a50', NOW(), 'admin', b'1', NOW(), 'admin', 0, 'cn.piflow.bundle.common.ConvertSchema', 'Transform field name', 'Common', 'DEFAULT', 'Default', b'0', 'ConvertSchema_inproceedings', 'DEFAULT', 'Default', 'yangqidong@cnic.cn', '71', NULL, NULL, NULL, 'c9c77d24b65942fb9665fbdbe8710236');
INSERT INTO `flow_stops`(`id`, `crt_dttm`, `crt_user`, `enable_flag`, `last_update_dttm`, `last_update_user`, `version`, `bundel`, `description`, `groups`, `in_port_type`, `inports`, `is_checkpoint`, `name`, `out_port_type`, `outports`, `owner`, `page_id`, `start_time`, `state`, `stop_time`, `fk_flow_id`) VALUES ('fc717ae990584851bd34454413c3dd9c', NOW(), 'admin', b'1', NOW(), 'admin', 0, 'cn.piflow.bundle.hive.PutHiveStreaming', 'Save data into hive.', 'Hive', 'DEFAULT', 'Default', b'0', 'PutHiveStreaming_incollection', 'NONE', 'None', 'xjzhu@cnic.cn', '61', NULL, NULL, NULL, 'c9c77d24b65942fb9665fbdbe8710236');
INSERT INTO `flow_stops`(`id`, `crt_dttm`, `crt_user`, `enable_flag`, `last_update_dttm`, `last_update_user`, `version`, `bundel`, `description`, `groups`, `in_port_type`, `inports`, `is_checkpoint`, `name`, `out_port_type`, `outports`, `owner`, `page_id`, `start_time`, `state`, `stop_time`, `fk_flow_id`) VALUES ('fddab1b14a404644af6263b33de3b8c8', NOW(), 'admin', b'1', NOW(), 'admin', 0, 'cn.piflow.bundle.common.ConvertSchema', 'Transform field name', 'Common', 'DEFAULT', 'Default', b'0', 'ConvertSchema_phdthesis', 'DEFAULT', 'Default', 'yangqidong@cnic.cn', '57', NULL, NULL, NULL, 'c9c77d24b65942fb9665fbdbe8710236');


-- ----------------------------
-- Records of flow_stops_property
-- ----------------------------
INSERT INTO `flow_stops_property`(`id`, `crt_dttm`, `crt_user`, `enable_flag`, `last_update_dttm`, `last_update_user`, `version`, `allowable_values`, `custom_value`, `description`, `display_name`, `is_select`, `name`, `property_required`, `property_sensitive`, `fk_stops_id`) VALUES ('010dd611535c4dab970636df6a2b8533', NOW(), 'admin', b'1', NOW(), 'admin', 0, '[]', '_corrupt_record->corrupt_record,_key->key,_mdate->mdate,_publtype->publtype', 'schema', 'schema', b'0', 'schema', b'0', b'0', 'f6634da9669042f0854aa1fb8e7c4a50');
INSERT INTO `flow_stops_property`(`id`, `crt_dttm`, `crt_user`, `enable_flag`, `last_update_dttm`, `last_update_user`, `version`, `allowable_values`, `custom_value`, `description`, `display_name`, `is_select`, `name`, `property_required`, `property_sensitive`, `fk_stops_id`) VALUES ('032fe151270c4239885f4e2ddfce09be', NOW(), 'admin', b'1', NOW(), 'admin', 0, '[]', '_corrupt_record->corrupt_record,_key->key,_mdate->mdate,_publtype->publtype', 'schema', 'schema', b'0', 'schema', b'0', b'0', '2857b4727b174c3f825443bd7674d615');
INSERT INTO `flow_stops_property`(`id`, `crt_dttm`, `crt_user`, `enable_flag`, `last_update_dttm`, `last_update_user`, `version`, `allowable_values`, `custom_value`, `description`, `display_name`, `is_select`, `name`, `property_required`, `property_sensitive`, `fk_stops_id`) VALUES ('041892d54e3b4ef8849274cdc0262fa7', NOW(), 'admin', b'1', NOW(), 'admin', 0, '[]', 'true', 'isCustomize', 'isCustomize', b'0', 'isCustomize', b'0', b'0', '9b66467045bd403699eea6dd5e8e3b01');
INSERT INTO `flow_stops_property`(`id`, `crt_dttm`, `crt_user`, `enable_flag`, `last_update_dttm`, `last_update_user`, `version`, `allowable_values`, `custom_value`, `description`, `display_name`, `is_select`, `name`, `property_required`, `property_sensitive`, `fk_stops_id`) VALUES ('078230bd33cb4baa93624e8b0c02fdbb', NOW(), 'admin', b'1', NOW(), 'admin', 0, '[]', 'proceedings', 'rowTag', 'rowTag', b'0', 'rowTag', b'0', b'0', '27dd6e671508412789e18daba785d13a');
INSERT INTO `flow_stops_property`(`id`, `crt_dttm`, `crt_user`, `enable_flag`, `last_update_dttm`, `last_update_user`, `version`, `allowable_values`, `custom_value`, `description`, `display_name`, `is_select`, `name`, `property_required`, `property_sensitive`, `fk_stops_id`) VALUES ('0ab7810a6ed74edcbd2c3872e4d81456', NOW(), 'admin', b'1', NOW(), 'admin', 0, '[]', 'hdfs://10.0.88.109:8020/web/dblp/dblp.xml.gz', 'savePath', 'savePath', b'0', 'savePath', b'0', b'0', 'd9a9adb003b94ce8a30d2c0acf9b7103');
INSERT INTO `flow_stops_property`(`id`, `crt_dttm`, `crt_user`, `enable_flag`, `last_update_dttm`, `last_update_user`, `version`, `allowable_values`, `custom_value`, `description`, `display_name`, `is_select`, `name`, `property_required`, `property_sensitive`, `fk_stops_id`) VALUES ('0bc641857a48441b9371a705812f97c5', NOW(), 'admin', b'1', NOW(), 'admin', 0, '[]', 'corrupt_record,key,mdate,author,school,title,year', 'schema', 'schema', b'0', 'schema', b'0', b'0', '8ec234c86ed74f19bb8875a7c3b0fcd2');
INSERT INTO `flow_stops_property`(`id`, `crt_dttm`, `crt_user`, `enable_flag`, `last_update_dttm`, `last_update_user`, `version`, `allowable_values`, `custom_value`, `description`, `display_name`, `is_select`, `name`, `property_required`, `property_sensitive`, `fk_stops_id`) VALUES ('0c11cdf8c6694672863b4dc3dc377341', NOW(), 'admin', b'1', NOW(), 'admin', 0, '[]', 'dblp', 'DataBase', 'DataBase', b'0', 'database', b'0', b'0', '9837c8660ebb4a7aa9be3f66a9a9b3df');
INSERT INTO `flow_stops_property`(`id`, `crt_dttm`, `crt_user`, `enable_flag`, `last_update_dttm`, `last_update_user`, `version`, `allowable_values`, `custom_value`, `description`, `display_name`, `is_select`, `name`, `property_required`, `property_sensitive`, `fk_stops_id`) VALUES ('115a29865bf74e808a3887d1449fc256', NOW(), 'admin', b'1', NOW(), 'admin', 0, '[]', '/web/dblp/dblp.xml.gz', 'filePath', 'filePath', b'0', 'filePath', b'0', b'0', '9b66467045bd403699eea6dd5e8e3b01');
INSERT INTO `flow_stops_property`(`id`, `crt_dttm`, `crt_user`, `enable_flag`, `last_update_dttm`, `last_update_user`, `version`, `allowable_values`, `custom_value`, `description`, `display_name`, `is_select`, `name`, `property_required`, `property_sensitive`, `fk_stops_id`) VALUES ('14aa08c8974645c2a18f0359a6e43c6b', NOW(), 'admin', b'1', NOW(), 'admin', 0, '[]', 'hdfs://10.0.88.109:8020', 'hdfsUrl', 'hdfsUrl', b'0', 'hdfsUrl', b'0', b'0', '9b66467045bd403699eea6dd5e8e3b01');
INSERT INTO `flow_stops_property`(`id`, `crt_dttm`, `crt_user`, `enable_flag`, `last_update_dttm`, `last_update_user`, `version`, `allowable_values`, `custom_value`, `description`, `display_name`, `is_select`, `name`, `property_required`, `property_sensitive`, `fk_stops_id`) VALUES ('17ac919707a14b2fa545aa2789ec3d97', NOW(), 'admin', b'1', NOW(), 'admin', 0, '[]', 'title,author,pages', 'schema', 'schema', b'0', 'schema', b'0', b'0', 'd2266c3179de4c5385cef17985c03933');
INSERT INTO `flow_stops_property`(`id`, `crt_dttm`, `crt_user`, `enable_flag`, `last_update_dttm`, `last_update_user`, `version`, `allowable_values`, `custom_value`, `description`, `display_name`, `is_select`, `name`, `property_required`, `property_sensitive`, `fk_stops_id`) VALUES ('1a98eb8872864f29862807e87af14aa9', NOW(), 'admin', b'1', NOW(), 'admin', 0, '[]', 'hdfs://10.0.86.89:9000/xjzhu/dblp.mini.xml', 'xmlpath', 'xmlpath', b'0', 'xmlpath', b'0', b'0', '30e18a027f4b47d7a504d76fe9672502');
INSERT INTO `flow_stops_property`(`id`, `crt_dttm`, `crt_user`, `enable_flag`, `last_update_dttm`, `last_update_user`, `version`, `allowable_values`, `custom_value`, `description`, `display_name`, `is_select`, `name`, `property_required`, `property_sensitive`, `fk_stops_id`) VALUES ('1c101f10133b4422bfd94803593fc932', NOW(), 'admin', b'1', NOW(), 'admin', 0, '[]', 'corrupt_record,key,mdate,author,booktitle,cite,crossref,editor,ee,i,isbn,journal,note,number,pages,publisher,series,sup,title,url,volume,year', 'schema', 'schema', b'0', 'schema', b'0', b'0', '4e647aa066f44f548eeff0c78d64e9ef');
INSERT INTO `flow_stops_property`(`id`, `crt_dttm`, `crt_user`, `enable_flag`, `last_update_dttm`, `last_update_user`, `version`, `allowable_values`, `custom_value`, `description`, `display_name`, `is_select`, `name`, `property_required`, `property_sensitive`, `fk_stops_id`) VALUES ('21e3415835b8466187a007027d17faee', NOW(), 'admin', b'1', NOW(), 'admin', 0, '[]', 'hdfs://10.0.88.109:8020/web/dblp/dblp.xml', 'xmlpath', 'xmlpath', b'0', 'xmlpath', b'0', b'0', '08c040037c4447a09afe56c0a6df45f5');
INSERT INTO `flow_stops_property`(`id`, `crt_dttm`, `crt_user`, `enable_flag`, `last_update_dttm`, `last_update_user`, `version`, `allowable_values`, `custom_value`, `description`, `display_name`, `is_select`, `name`, `property_required`, `property_sensitive`, `fk_stops_id`) VALUES ('243b23a50661486b965fee5951235ce1', NOW(), 'admin', b'1', NOW(), 'admin', 0, '[]', 'www', 'Table', 'Table', b'0', 'table', b'0', b'0', '17e2c1a803d4453a818ae6c8f745b915');
INSERT INTO `flow_stops_property`(`id`, `crt_dttm`, `crt_user`, `enable_flag`, `last_update_dttm`, `last_update_user`, `version`, `allowable_values`, `custom_value`, `description`, `display_name`, `is_select`, `name`, `property_required`, `property_sensitive`, `fk_stops_id`) VALUES ('27487bd637c444e48612886df8a712b5', NOW(), 'admin', b'1', NOW(), 'admin', 0, '[]', 'dblp', 'DataBase', 'DataBase', b'0', 'database', b'0', b'0', 'ce465f4a525a4d0cac2b7b24bd89e30c');
INSERT INTO `flow_stops_property`(`id`, `crt_dttm`, `crt_user`, `enable_flag`, `last_update_dttm`, `last_update_user`, `version`, `allowable_values`, `custom_value`, `description`, `display_name`, `is_select`, `name`, `property_required`, `property_sensitive`, `fk_stops_id`) VALUES ('280377a41fc64b9893ce7f0bd5d082c1', NOW(), 'admin', b'1', NOW(), 'admin', 0, '[]', '', 'filePath', 'filePath', b'0', 'filePath', b'0', b'0', '730826073d3d4fc38880eb731c9d966f');
INSERT INTO `flow_stops_property`(`id`, `crt_dttm`, `crt_user`, `enable_flag`, `last_update_dttm`, `last_update_user`, `version`, `allowable_values`, `custom_value`, `description`, `display_name`, `is_select`, `name`, `property_required`, `property_sensitive`, `fk_stops_id`) VALUES ('28a34932134b49a682dc20b507cd448b', NOW(), 'admin', b'1', NOW(), 'admin', 0, '[]', 'false', 'header', 'header', b'0', 'header', b'0', b'0', 'd2266c3179de4c5385cef17985c03933');
INSERT INTO `flow_stops_property`(`id`, `crt_dttm`, `crt_user`, `enable_flag`, `last_update_dttm`, `last_update_user`, `version`, `allowable_values`, `custom_value`, `description`, `display_name`, `is_select`, `name`, `property_required`, `property_sensitive`, `fk_stops_id`) VALUES ('29b41f51f1c54e4d80d2634d3f5e050c', NOW(), 'admin', b'1', NOW(), 'admin', 0, '[]', '', 'isCustomize', 'isCustomize', b'0', 'isCustomize', b'0', b'0', '00e6321fcb7e414e823841b9d234d6bd');
INSERT INTO `flow_stops_property`(`id`, `crt_dttm`, `crt_user`, `enable_flag`, `last_update_dttm`, `last_update_user`, `version`, `allowable_values`, `custom_value`, `description`, `display_name`, `is_select`, `name`, `property_required`, `property_sensitive`, `fk_stops_id`) VALUES ('2a8e7fe373c440f58d519374d6f05411', NOW(), 'admin', b'1', NOW(), 'admin', 0, '[]', 'book', 'Table', 'Table', b'0', 'table', b'0', b'0', 'e40689a3afde4e9b9946a91949d6e9ac');
INSERT INTO `flow_stops_property`(`id`, `crt_dttm`, `crt_user`, `enable_flag`, `last_update_dttm`, `last_update_user`, `version`, `allowable_values`, `custom_value`, `description`, `display_name`, `is_select`, `name`, `property_required`, `property_sensitive`, `fk_stops_id`) VALUES ('2ddd0c3c43bf4f398b1dee35c38a99d5', NOW(), 'admin', b'1', NOW(), 'admin', 0, '[]', '', 'isCustomize', 'isCustomize', b'0', 'isCustomize', b'0', b'0', '730826073d3d4fc38880eb731c9d966f');
INSERT INTO `flow_stops_property`(`id`, `crt_dttm`, `crt_user`, `enable_flag`, `last_update_dttm`, `last_update_user`, `version`, `allowable_values`, `custom_value`, `description`, `display_name`, `is_select`, `name`, `property_required`, `property_sensitive`, `fk_stops_id`) VALUES ('2fc7d24e7f37436db75dd08f1d5284eb', NOW(), 'admin', b'1', NOW(), 'admin', 0, '[]', 'phdthesis', 'rowTag', 'rowTag', b'0', 'rowTag', b'0', b'0', '14b56561d2314467bfa0cf2c565216f7');
INSERT INTO `flow_stops_property`(`id`, `crt_dttm`, `crt_user`, `enable_flag`, `last_update_dttm`, `last_update_user`, `version`, `allowable_values`, `custom_value`, `description`, `display_name`, `is_select`, `name`, `property_required`, `property_sensitive`, `fk_stops_id`) VALUES ('366cab581d584b17aa02a55fd8a6fe6b', NOW(), 'admin', b'1', NOW(), 'admin', 0, '[]', 'dblp', 'DataBase', 'DataBase', b'0', 'database', b'0', b'0', 'fc717ae990584851bd34454413c3dd9c');
INSERT INTO `flow_stops_property`(`id`, `crt_dttm`, `crt_user`, `enable_flag`, `last_update_dttm`, `last_update_user`, `version`, `allowable_values`, `custom_value`, `description`, `display_name`, `is_select`, `name`, `property_required`, `property_sensitive`, `fk_stops_id`) VALUES ('3ac11df60a3449408c2dfad5eeef4db3', NOW(), 'admin', b'1', NOW(), 'admin', 0, '[]', 'true', 'header', 'header', b'0', 'header', b'0', b'0', '229a334908e1441b91391e2983803f91');
INSERT INTO `flow_stops_property`(`id`, `crt_dttm`, `crt_user`, `enable_flag`, `last_update_dttm`, `last_update_user`, `version`, `allowable_values`, `custom_value`, `description`, `display_name`, `is_select`, `name`, `property_required`, `property_sensitive`, `fk_stops_id`) VALUES ('3bce8f772b954467b9da3c496e6db7ef', NOW(), 'admin', b'1', NOW(), 'admin', 0, '[]', '_corrupt_record->corrupt_record,_key->key,_mdate->mdate,_publtype->publtype', 'schema', 'schema', b'0', 'schema', b'0', b'0', 'e27dd03beb4a4e31a341efa778e1d8d8');
INSERT INTO `flow_stops_property`(`id`, `crt_dttm`, `crt_user`, `enable_flag`, `last_update_dttm`, `last_update_user`, `version`, `allowable_values`, `custom_value`, `description`, `display_name`, `is_select`, `name`, `property_required`, `property_sensitive`, `fk_stops_id`) VALUES ('3d98277044c94887ba49ce965d446d50', NOW(), 'admin', b'1', NOW(), 'admin', 0, '[]', 'dblp', 'DataBase', 'DataBase', b'0', 'database', b'0', b'0', '3abb221b73504713a2cdaddd3e1b674b');
INSERT INTO `flow_stops_property`(`id`, `crt_dttm`, `crt_user`, `enable_flag`, `last_update_dttm`, `last_update_user`, `version`, `allowable_values`, `custom_value`, `description`, `display_name`, `is_select`, `name`, `property_required`, `property_sensitive`, `fk_stops_id`) VALUES ('427db6551aed41be8afb005d5d609cd2', NOW(), 'admin', b'1', NOW(), 'admin', 0, '[]', '', 'savePath', 'savePath', b'0', 'savePath', b'0', b'0', '730826073d3d4fc38880eb731c9d966f');
INSERT INTO `flow_stops_property`(`id`, `crt_dttm`, `crt_user`, `enable_flag`, `last_update_dttm`, `last_update_user`, `version`, `allowable_values`, `custom_value`, `description`, `display_name`, `is_select`, `name`, `property_required`, `property_sensitive`, `fk_stops_id`) VALUES ('430b7bb0bd8c459ca78405c63689d59c', NOW(), 'admin', b'1', NOW(), 'admin', 0, '[]', 'corrupt_record,key,mdate,publtype,author,booktitle,cite,crossref,editor,note,title,url,year', 'schema', 'schema', b'0', 'schema', b'0', b'0', '59595573a5554f428389e5469d292894');
INSERT INTO `flow_stops_property`(`id`, `crt_dttm`, `crt_user`, `enable_flag`, `last_update_dttm`, `last_update_user`, `version`, `allowable_values`, `custom_value`, `description`, `display_name`, `is_select`, `name`, `property_required`, `property_sensitive`, `fk_stops_id`) VALUES ('4512a2b46ef74aa39992c0715247127f', NOW(), 'admin', b'1', NOW(), 'admin', 0, '[]', 'mastersthesis', 'Table', 'Table', b'0', 'table', b'0', b'0', 'ce465f4a525a4d0cac2b7b24bd89e30c');
INSERT INTO `flow_stops_property`(`id`, `crt_dttm`, `crt_user`, `enable_flag`, `last_update_dttm`, `last_update_user`, `version`, `allowable_values`, `custom_value`, `description`, `display_name`, `is_select`, `name`, `property_required`, `property_sensitive`, `fk_stops_id`) VALUES ('4a34f2a397204f128614f538ef07a433', NOW(), 'admin', b'1', NOW(), 'admin', 0, '[]', '', 'savePath', 'savePath', b'0', 'savePath', b'0', b'0', 'ee674c0e2c3f48ffb8320251af2457db');
INSERT INTO `flow_stops_property`(`id`, `crt_dttm`, `crt_user`, `enable_flag`, `last_update_dttm`, `last_update_user`, `version`, `allowable_values`, `custom_value`, `description`, `display_name`, `is_select`, `name`, `property_required`, `property_sensitive`, `fk_stops_id`) VALUES ('4cb438f1f18448518d96b83668287e6b', NOW(), 'admin', b'1', NOW(), 'admin', 0, '[]', 'hdfs://10.0.88.109:8020/web/dblp/dblp.xml', 'xmlpath', 'xmlpath', b'0', 'xmlpath', b'0', b'0', '1f089b0ea2b94ad5b68f5c1e07ae186e');
INSERT INTO `flow_stops_property`(`id`, `crt_dttm`, `crt_user`, `enable_flag`, `last_update_dttm`, `last_update_user`, `version`, `allowable_values`, `custom_value`, `description`, `display_name`, `is_select`, `name`, `property_required`, `property_sensitive`, `fk_stops_id`) VALUES ('4dca7203783049f785a2aa9832a23246', NOW(), 'admin', b'1', NOW(), 'admin', 0, '[]', '', 'isCustomize', 'isCustomize', b'0', 'isCustomize', b'0', b'0', '57cf60f9f7914d1e8c771c2a0865b7e6');
INSERT INTO `flow_stops_property`(`id`, `crt_dttm`, `crt_user`, `enable_flag`, `last_update_dttm`, `last_update_user`, `version`, `allowable_values`, `custom_value`, `description`, `display_name`, `is_select`, `name`, `property_required`, `property_sensitive`, `fk_stops_id`) VALUES ('4f7987a2135240cc8bb6f0dccc701265', NOW(), 'admin', b'1', NOW(), 'admin', 0, '[]', 'incollection', 'rowTag', 'rowTag', b'0', 'rowTag', b'0', b'0', '08c040037c4447a09afe56c0a6df45f5');
INSERT INTO `flow_stops_property`(`id`, `crt_dttm`, `crt_user`, `enable_flag`, `last_update_dttm`, `last_update_user`, `version`, `allowable_values`, `custom_value`, `description`, `display_name`, `is_select`, `name`, `property_required`, `property_sensitive`, `fk_stops_id`) VALUES ('55a8b556026e43ff8565c5c40495bfbc', NOW(), 'admin', b'1', NOW(), 'admin', 0, '[]', '', 'hdfsUrl', 'hdfsUrl', b'0', 'hdfsUrl', b'0', b'0', '6dc3a6b04d2d4ed988c045d7a0d8e956');
INSERT INTO `flow_stops_property`(`id`, `crt_dttm`, `crt_user`, `enable_flag`, `last_update_dttm`, `last_update_user`, `version`, `allowable_values`, `custom_value`, `description`, `display_name`, `is_select`, `name`, `property_required`, `property_sensitive`, `fk_stops_id`) VALUES ('55aaa330cb554fb692178373c4e52d2e', NOW(), 'admin', b'1', NOW(), 'admin', 0, '[]', '', 'isCustomize', 'isCustomize', b'0', 'isCustomize', b'0', b'0', 'ee674c0e2c3f48ffb8320251af2457db');
INSERT INTO `flow_stops_property`(`id`, `crt_dttm`, `crt_user`, `enable_flag`, `last_update_dttm`, `last_update_user`, `version`, `allowable_values`, `custom_value`, `description`, `display_name`, `is_select`, `name`, `property_required`, `property_sensitive`, `fk_stops_id`) VALUES ('5806e150fc6548f688caafa347f49801', NOW(), 'admin', b'1', NOW(), 'admin', 0, '[]', '', 'hdfsUrl', 'hdfsUrl', b'0', 'hdfsUrl', b'0', b'0', '730826073d3d4fc38880eb731c9d966f');
INSERT INTO `flow_stops_property`(`id`, `crt_dttm`, `crt_user`, `enable_flag`, `last_update_dttm`, `last_update_user`, `version`, `allowable_values`, `custom_value`, `description`, `display_name`, `is_select`, `name`, `property_required`, `property_sensitive`, `fk_stops_id`) VALUES ('5ee51578c82342a1b3f73aea5d605f37', NOW(), 'admin', b'1', NOW(), 'admin', 0, '[]', 'corrupt_record,key,mdate,publtype,author,booktitle,cdrom,cite,crossref,editor,ee,i,journal,month,note,number,pages,publisher,sub,sup,title,tt,url,volume,year', 'schema', 'schema', b'0', 'schema', b'0', b'0', 'b109d6a9aed34c48b2377f5f1c5895bf');
INSERT INTO `flow_stops_property`(`id`, `crt_dttm`, `crt_user`, `enable_flag`, `last_update_dttm`, `last_update_user`, `version`, `allowable_values`, `custom_value`, `description`, `display_name`, `is_select`, `name`, `property_required`, `property_sensitive`, `fk_stops_id`) VALUES ('616062f81dee442cbde226860c950983', NOW(), 'admin', b'1', NOW(), 'admin', 0, '[]', 'sparktest', 'DataBase', 'DataBase', b'0', 'database', b'0', b'0', 'd68f29590a2845e1a8a944bccaf6b311');
INSERT INTO `flow_stops_property`(`id`, `crt_dttm`, `crt_user`, `enable_flag`, `last_update_dttm`, `last_update_user`, `version`, `allowable_values`, `custom_value`, `description`, `display_name`, `is_select`, `name`, `property_required`, `property_sensitive`, `fk_stops_id`) VALUES ('659db8335e5a4c3d88b6f7e5f8531e15', NOW(), 'admin', b'1', NOW(), 'admin', 0, '[]', '', 'hdfsUrl', 'hdfsUrl', b'0', 'hdfsUrl', b'0', b'0', 'ee674c0e2c3f48ffb8320251af2457db');
INSERT INTO `flow_stops_property`(`id`, `crt_dttm`, `crt_user`, `enable_flag`, `last_update_dttm`, `last_update_user`, `version`, `allowable_values`, `custom_value`, `description`, `display_name`, `is_select`, `name`, `property_required`, `property_sensitive`, `fk_stops_id`) VALUES ('66bfeee0be93443b9827bbde7ac2b726', NOW(), 'admin', b'1', NOW(), 'admin', 0, '[]', '', 'savePath', 'savePath', b'0', 'savePath', b'0', b'0', '6dc3a6b04d2d4ed988c045d7a0d8e956');
INSERT INTO `flow_stops_property`(`id`, `crt_dttm`, `crt_user`, `enable_flag`, `last_update_dttm`, `last_update_user`, `version`, `allowable_values`, `custom_value`, `description`, `display_name`, `is_select`, `name`, `property_required`, `property_sensitive`, `fk_stops_id`) VALUES ('69e80ab46c464cc693da551baef20158', NOW(), 'admin', b'1', NOW(), 'admin', 0, '[]', '', 'hdfsUrl', 'hdfsUrl', b'0', 'hdfsUrl', b'0', b'0', '00e6321fcb7e414e823841b9d234d6bd');
INSERT INTO `flow_stops_property`(`id`, `crt_dttm`, `crt_user`, `enable_flag`, `last_update_dttm`, `last_update_user`, `version`, `allowable_values`, `custom_value`, `description`, `display_name`, `is_select`, `name`, `property_required`, `property_sensitive`, `fk_stops_id`) VALUES ('6c04ee856cb1422ea4d76ffa15af526a', NOW(), 'admin', b'1', NOW(), 'admin', 0, '[]', 'mastersthesis', 'rowTag', 'rowTag', b'0', 'rowTag', b'0', b'0', 'edcdbdb75ad24ea5a28d25c3bd594032');
INSERT INTO `flow_stops_property`(`id`, `crt_dttm`, `crt_user`, `enable_flag`, `last_update_dttm`, `last_update_user`, `version`, `allowable_values`, `custom_value`, `description`, `display_name`, `is_select`, `name`, `property_required`, `property_sensitive`, `fk_stops_id`) VALUES ('6e6f46e814f84fb58f74545f198c5c51', NOW(), 'admin', b'1', NOW(), 'admin', 0, '[]', 'inproceedings', 'Table', 'Table', b'0', 'table', b'0', b'0', '9837c8660ebb4a7aa9be3f66a9a9b3df');
INSERT INTO `flow_stops_property`(`id`, `crt_dttm`, `crt_user`, `enable_flag`, `last_update_dttm`, `last_update_user`, `version`, `allowable_values`, `custom_value`, `description`, `display_name`, `is_select`, `name`, `property_required`, `property_sensitive`, `fk_stops_id`) VALUES ('6f74b91d2d3d4f84b0be4679d4eeed39', NOW(), 'admin', b'1', NOW(), 'admin', 0, '[]', 'dblp', 'DataBase', 'DataBase', b'0', 'database', b'0', b'0', '17e2c1a803d4453a818ae6c8f745b915');
INSERT INTO `flow_stops_property`(`id`, `crt_dttm`, `crt_user`, `enable_flag`, `last_update_dttm`, `last_update_user`, `version`, `allowable_values`, `custom_value`, `description`, `display_name`, `is_select`, `name`, `property_required`, `property_sensitive`, `fk_stops_id`) VALUES ('7ff7a628598842c8b59bb4c241b74448', NOW(), 'admin', b'1', NOW(), 'admin', 0, '[]', 'phdthesis', 'rowTag', 'rowTag', b'0', 'rowTag', b'0', b'0', '30e18a027f4b47d7a504d76fe9672502');
INSERT INTO `flow_stops_property`(`id`, `crt_dttm`, `crt_user`, `enable_flag`, `last_update_dttm`, `last_update_user`, `version`, `allowable_values`, `custom_value`, `description`, `display_name`, `is_select`, `name`, `property_required`, `property_sensitive`, `fk_stops_id`) VALUES ('82080376269240329f68608bf8c56a62', NOW(), 'admin', b'1', NOW(), 'admin', 0, '[]', 'https://dblp.dagstuhl.de/xml/dblp.xml.gz', 'URL', 'URL', b'0', 'url_str', b'0', b'0', 'd9a9adb003b94ce8a30d2c0acf9b7103');
INSERT INTO `flow_stops_property`(`id`, `crt_dttm`, `crt_user`, `enable_flag`, `last_update_dttm`, `last_update_user`, `version`, `allowable_values`, `custom_value`, `description`, `display_name`, `is_select`, `name`, `property_required`, `property_sensitive`, `fk_stops_id`) VALUES ('8684273ce2b043c289d33fa1afc4ea8b', NOW(), 'admin', b'1', NOW(), 'admin', 0, '[]', 'corrupt_record,key,mdate,publtype,author,booktitle,cdrom,cite,crossref,editor,ee,i,note,number,pages,sub,sup,title,tt,url,year', 'schema', 'schema', b'0', 'schema', b'0', b'0', '229a980a8c2541cf817b4f07cb1aeaaf');
INSERT INTO `flow_stops_property`(`id`, `crt_dttm`, `crt_user`, `enable_flag`, `last_update_dttm`, `last_update_user`, `version`, `allowable_values`, `custom_value`, `description`, `display_name`, `is_select`, `name`, `property_required`, `property_sensitive`, `fk_stops_id`) VALUES ('89147909820947a7ab56e3869f15489c', NOW(), 'admin', b'1', NOW(), 'admin', 0, '[]', '', 'isCustomize', 'isCustomize', b'0', 'isCustomize', b'0', b'0', '6dc3a6b04d2d4ed988c045d7a0d8e956');
INSERT INTO `flow_stops_property`(`id`, `crt_dttm`, `crt_user`, `enable_flag`, `last_update_dttm`, `last_update_user`, `version`, `allowable_values`, `custom_value`, `description`, `display_name`, `is_select`, `name`, `property_required`, `property_sensitive`, `fk_stops_id`) VALUES ('896b6782dfc34eefa35d79b403285704', NOW(), 'admin', b'1', NOW(), 'admin', 0, '[]', '/web/dblp/', 'savePath', 'savePath', b'0', 'savePath', b'0', b'0', '9b66467045bd403699eea6dd5e8e3b01');
INSERT INTO `flow_stops_property`(`id`, `crt_dttm`, `crt_user`, `enable_flag`, `last_update_dttm`, `last_update_user`, `version`, `allowable_values`, `custom_value`, `description`, `display_name`, `is_select`, `name`, `property_required`, `property_sensitive`, `fk_stops_id`) VALUES ('89c0757750b54c8b97d9bbef8cb4d32a', NOW(), 'admin', b'1', NOW(), 'admin', 0, '[]', 'hdfs://10.0.88.109:8020/web/dblp/dblp.xml', 'xmlpath', 'xmlpath', b'0', 'xmlpath', b'0', b'0', '872a894641a440b58ca9f129c5ceff0f');
INSERT INTO `flow_stops_property`(`id`, `crt_dttm`, `crt_user`, `enable_flag`, `last_update_dttm`, `last_update_user`, `version`, `allowable_values`, `custom_value`, `description`, `display_name`, `is_select`, `name`, `property_required`, `property_sensitive`, `fk_stops_id`) VALUES ('8bfa8a4f6a1043a2ae86229b4d593112', NOW(), 'admin', b'1', NOW(), 'admin', 0, '[]', '', 'filePath', 'filePath', b'0', 'filePath', b'0', b'0', '6dc3a6b04d2d4ed988c045d7a0d8e956');
INSERT INTO `flow_stops_property`(`id`, `crt_dttm`, `crt_user`, `enable_flag`, `last_update_dttm`, `last_update_user`, `version`, `allowable_values`, `custom_value`, `description`, `display_name`, `is_select`, `name`, `property_required`, `property_sensitive`, `fk_stops_id`) VALUES ('8fb32d4d9d4e43cc8440b35d78e5582f', NOW(), 'admin', b'1', NOW(), 'admin', 0, '[]', '_corrupt_record->corrupt_record,_key->key,_mdate->mdate,_publtype->publtype', 'schema', 'schema', b'0', 'schema', b'0', b'0', '41a55c9b3b204d42aadfb2b22cbfd1a7');
INSERT INTO `flow_stops_property`(`id`, `crt_dttm`, `crt_user`, `enable_flag`, `last_update_dttm`, `last_update_user`, `version`, `allowable_values`, `custom_value`, `description`, `display_name`, `is_select`, `name`, `property_required`, `property_sensitive`, `fk_stops_id`) VALUES ('9398a13aaf7c4e888fd83fc0753398ad', NOW(), 'admin', b'1', NOW(), 'admin', 0, '[]', 'data1,data2', 'inports', 'inports', b'0', 'inports', b'0', b'0', '033e870e49a842e08f08f8f201921b0d');
INSERT INTO `flow_stops_property`(`id`, `crt_dttm`, `crt_user`, `enable_flag`, `last_update_dttm`, `last_update_user`, `version`, `allowable_values`, `custom_value`, `description`, `display_name`, `is_select`, `name`, `property_required`, `property_sensitive`, `fk_stops_id`) VALUES ('93f315ab3dc0497da89912a4d63ed256', NOW(), 'admin', b'1', NOW(), 'admin', 0, '[]', '', 'savePath', 'savePath', b'0', 'savePath', b'0', b'0', '00e6321fcb7e414e823841b9d234d6bd');
INSERT INTO `flow_stops_property`(`id`, `crt_dttm`, `crt_user`, `enable_flag`, `last_update_dttm`, `last_update_user`, `version`, `allowable_values`, `custom_value`, `description`, `display_name`, `is_select`, `name`, `property_required`, `property_sensitive`, `fk_stops_id`) VALUES ('9a764580459046fab51d3d56699b928d', NOW(), 'admin', b'1', NOW(), 'admin', 0, '[]', '', 'filePath', 'filePath', b'0', 'filePath', b'0', b'0', '57cf60f9f7914d1e8c771c2a0865b7e6');
INSERT INTO `flow_stops_property`(`id`, `crt_dttm`, `crt_user`, `enable_flag`, `last_update_dttm`, `last_update_user`, `version`, `allowable_values`, `custom_value`, `description`, `display_name`, `is_select`, `name`, `property_required`, `property_sensitive`, `fk_stops_id`) VALUES ('a1c3555d59294699a69068e0477d4d53', NOW(), 'admin', b'1', NOW(), 'admin', 0, '[]', 'article', 'Table', 'Table', b'0', 'table', b'0', b'0', '3abb221b73504713a2cdaddd3e1b674b');
INSERT INTO `flow_stops_property`(`id`, `crt_dttm`, `crt_user`, `enable_flag`, `last_update_dttm`, `last_update_user`, `version`, `allowable_values`, `custom_value`, `description`, `display_name`, `is_select`, `name`, `property_required`, `property_sensitive`, `fk_stops_id`) VALUES ('ae0d2967278c45349e75690ed1e349fa', NOW(), 'admin', b'1', NOW(), 'admin', 0, '[]', 'corrupt_record,key,mdate,publtype,author,booktitle,crossref,ee,i,pages,sub,sup,title,url,year', 'schema', 'schema', b'0', 'schema', b'0', b'0', 'ae5987691aa5495198caa56bb6247802');
INSERT INTO `flow_stops_property`(`id`, `crt_dttm`, `crt_user`, `enable_flag`, `last_update_dttm`, `last_update_user`, `version`, `allowable_values`, `custom_value`, `description`, `display_name`, `is_select`, `name`, `property_required`, `property_sensitive`, `fk_stops_id`) VALUES ('af05ca8bf7634a3a9d903c3d7bd39cf7', NOW(), 'admin', b'1', NOW(), 'admin', 0, '[]', 'dblp', 'DataBase', 'DataBase', b'0', 'database', b'0', b'0', '6234c3e144bd4fdbb9c171b7c923ced9');
INSERT INTO `flow_stops_property`(`id`, `crt_dttm`, `crt_user`, `enable_flag`, `last_update_dttm`, `last_update_user`, `version`, `allowable_values`, `custom_value`, `description`, `display_name`, `is_select`, `name`, `property_required`, `property_sensitive`, `fk_stops_id`) VALUES ('b09be05c1173493dad5730b160643503', NOW(), 'admin', b'1', NOW(), 'admin', 0, '[]', 'out1,out2,out3', 'outports', 'outports', b'0', 'outports', b'0', b'0', 'b258c2e02fd74e008535cd83284f49a0');
INSERT INTO `flow_stops_property`(`id`, `crt_dttm`, `crt_user`, `enable_flag`, `last_update_dttm`, `last_update_user`, `version`, `allowable_values`, `custom_value`, `description`, `display_name`, `is_select`, `name`, `property_required`, `property_sensitive`, `fk_stops_id`) VALUES ('b0e7e6f1be124666b6f9edc220df0b24', NOW(), 'admin', b'1', NOW(), 'admin', 0, '[]', 'article', 'rowTag', 'rowTag', b'0', 'rowTag', b'0', b'0', 'e6e59ad9d63d4249887c49703fe2f8cd');
INSERT INTO `flow_stops_property`(`id`, `crt_dttm`, `crt_user`, `enable_flag`, `last_update_dttm`, `last_update_user`, `version`, `allowable_values`, `custom_value`, `description`, `display_name`, `is_select`, `name`, `property_required`, `property_sensitive`, `fk_stops_id`) VALUES ('b9f625787b424a1996be60996e756703', NOW(), 'admin', b'1', NOW(), 'admin', 0, '[]', '_corrupt_record->corrupt_record,_key->key,_mdate->mdate,_publtype->publtype', 'schema', 'schema', b'0', 'schema', b'0', b'0', '319053908d1a4f6eb0636bea49758a28');
INSERT INTO `flow_stops_property`(`id`, `crt_dttm`, `crt_user`, `enable_flag`, `last_update_dttm`, `last_update_user`, `version`, `allowable_values`, `custom_value`, `description`, `display_name`, `is_select`, `name`, `property_required`, `property_sensitive`, `fk_stops_id`) VALUES ('c0c262871881417ea7dd6ae821f1945b', NOW(), 'admin', b'1', NOW(), 'admin', 0, '[]', '_corrupt_record->corrupt_record,_key->key,_mdate->mdate,_publtype->publtype', 'schema', 'schema', b'0', 'schema', b'0', b'0', 'fddab1b14a404644af6263b33de3b8c8');
INSERT INTO `flow_stops_property`(`id`, `crt_dttm`, `crt_user`, `enable_flag`, `last_update_dttm`, `last_update_user`, `version`, `allowable_values`, `custom_value`, `description`, `display_name`, `is_select`, `name`, `property_required`, `property_sensitive`, `fk_stops_id`) VALUES ('c189d6b50a40454bb4736ab54a7ea9c5', NOW(), 'admin', b'1', NOW(), 'admin', 0, '[]', 'inproceedings', 'rowTag', 'rowTag', b'0', 'rowTag', b'0', b'0', '1f089b0ea2b94ad5b68f5c1e07ae186e');
INSERT INTO `flow_stops_property`(`id`, `crt_dttm`, `crt_user`, `enable_flag`, `last_update_dttm`, `last_update_user`, `version`, `allowable_values`, `custom_value`, `description`, `display_name`, `is_select`, `name`, `property_required`, `property_sensitive`, `fk_stops_id`) VALUES ('c24f69311129498f9def02ac35a36d13', NOW(), 'admin', b'1', NOW(), 'admin', 0, '[]', 'dblp', 'DataBase', 'DataBase', b'0', 'database', b'0', b'0', '18d23fcb6dda488bade2c2ff6445ac50');
INSERT INTO `flow_stops_property`(`id`, `crt_dttm`, `crt_user`, `enable_flag`, `last_update_dttm`, `last_update_user`, `version`, `allowable_values`, `custom_value`, `description`, `display_name`, `is_select`, `name`, `property_required`, `property_sensitive`, `fk_stops_id`) VALUES ('c258b1c39075481897423269a1ccb6b1', NOW(), 'admin', b'1', NOW(), 'admin', 0, '[]', 'corrupt_record,key,mdate,publtype,author,booktitle,editor,ee,isbn,note,pages,publisher,school,series,sub,sup,title,url,volume,year', 'schema', 'schema', b'0', 'schema', b'0', b'0', '9791a63b506948e091bc457ce59c2f34');
INSERT INTO `flow_stops_property`(`id`, `crt_dttm`, `crt_user`, `enable_flag`, `last_update_dttm`, `last_update_user`, `version`, `allowable_values`, `custom_value`, `description`, `display_name`, `is_select`, `name`, `property_required`, `property_sensitive`, `fk_stops_id`) VALUES ('c3cb096e0c384e0a8ee50f4a3b763163', NOW(), 'admin', b'1', NOW(), 'admin', 0, '[]', 'hdfs://10.0.88.109:8020/web/dblp/dblp.xml', 'xmlpath', 'xmlpath', b'0', 'xmlpath', b'0', b'0', '14b56561d2314467bfa0cf2c565216f7');
INSERT INTO `flow_stops_property`(`id`, `crt_dttm`, `crt_user`, `enable_flag`, `last_update_dttm`, `last_update_user`, `version`, `allowable_values`, `custom_value`, `description`, `display_name`, `is_select`, `name`, `property_required`, `property_sensitive`, `fk_stops_id`) VALUES ('c57f2d9666674f8e870f82ff3a444786', NOW(), 'admin', b'1', NOW(), 'admin', 0, '[]', 'out1,out2,out3,out4,out5,out6,out7,out8', 'outports', 'outports', b'0', 'outports', b'0', b'0', '81f100fb0af84e9cae91c43f3a25241b');
INSERT INTO `flow_stops_property`(`id`, `crt_dttm`, `crt_user`, `enable_flag`, `last_update_dttm`, `last_update_user`, `version`, `allowable_values`, `custom_value`, `description`, `display_name`, `is_select`, `name`, `property_required`, `property_sensitive`, `fk_stops_id`) VALUES ('c59696b38708474e9547377dec5cd158', NOW(), 'admin', b'1', NOW(), 'admin', 0, '[]', 'dblp', 'DataBase', 'DataBase', b'0', 'database', b'0', b'0', 'e40689a3afde4e9b9946a91949d6e9ac');
INSERT INTO `flow_stops_property`(`id`, `crt_dttm`, `crt_user`, `enable_flag`, `last_update_dttm`, `last_update_user`, `version`, `allowable_values`, `custom_value`, `description`, `display_name`, `is_select`, `name`, `property_required`, `property_sensitive`, `fk_stops_id`) VALUES ('c5f45d48a7a74e0b8ce25e01e5f302a5', NOW(), 'admin', b'1', NOW(), 'admin', 0, '[]', '', 'hdfsUrl', 'hdfsUrl', b'0', 'hdfsUrl', b'0', b'0', '57cf60f9f7914d1e8c771c2a0865b7e6');
INSERT INTO `flow_stops_property`(`id`, `crt_dttm`, `crt_user`, `enable_flag`, `last_update_dttm`, `last_update_user`, `version`, `allowable_values`, `custom_value`, `description`, `display_name`, `is_select`, `name`, `property_required`, `property_sensitive`, `fk_stops_id`) VALUES ('ca272aff99044f62ad51be5adce6d3ac', NOW(), 'admin', b'1', NOW(), 'admin', 0, '[]', 'incollection', 'Table', 'Table', b'0', 'table', b'0', b'0', 'fc717ae990584851bd34454413c3dd9c');
INSERT INTO `flow_stops_property`(`id`, `crt_dttm`, `crt_user`, `enable_flag`, `last_update_dttm`, `last_update_user`, `version`, `allowable_values`, `custom_value`, `description`, `display_name`, `is_select`, `name`, `property_required`, `property_sensitive`, `fk_stops_id`) VALUES ('cc26b11f24e9409a8cb5fa8ddc472175', NOW(), 'admin', b'1', NOW(), 'admin', 0, '[]', 'book', 'rowTag', 'rowTag', b'0', 'rowTag', b'0', b'0', '724c4783e52f4b22ad87d9ffc7a520e7');
INSERT INTO `flow_stops_property`(`id`, `crt_dttm`, `crt_user`, `enable_flag`, `last_update_dttm`, `last_update_user`, `version`, `allowable_values`, `custom_value`, `description`, `display_name`, `is_select`, `name`, `property_required`, `property_sensitive`, `fk_stops_id`) VALUES ('cc6eb6517352468eb6f9af56a203910b', NOW(), 'admin', b'1', NOW(), 'admin', 0, '[]', '', 'filePath', 'filePath', b'0', 'filePath', b'0', b'0', '00e6321fcb7e414e823841b9d234d6bd');
INSERT INTO `flow_stops_property`(`id`, `crt_dttm`, `crt_user`, `enable_flag`, `last_update_dttm`, `last_update_user`, `version`, `allowable_values`, `custom_value`, `description`, `display_name`, `is_select`, `name`, `property_required`, `property_sensitive`, `fk_stops_id`) VALUES ('cd1d1663153f4f1a9cca94e8a8617350', NOW(), 'admin', b'1', NOW(), 'admin', 0, '[]', '_corrupt_record->corrupt_record,_key->key,_mdate->mdate,_publtype->publtype', 'schema', 'schema', b'0', 'schema', b'0', b'0', 'b283f13b89534e8ba8182833680b4134');
INSERT INTO `flow_stops_property`(`id`, `crt_dttm`, `crt_user`, `enable_flag`, `last_update_dttm`, `last_update_user`, `version`, `allowable_values`, `custom_value`, `description`, `display_name`, `is_select`, `name`, `property_required`, `property_sensitive`, `fk_stops_id`) VALUES ('d60f0d3c6d6d4e0a8e035966b6a7d7ac', NOW(), 'admin', b'1', NOW(), 'admin', 0, '[]', 'www', 'rowTag', 'rowTag', b'0', 'rowTag', b'0', b'0', '872a894641a440b58ca9f129c5ceff0f');
INSERT INTO `flow_stops_property`(`id`, `crt_dttm`, `crt_user`, `enable_flag`, `last_update_dttm`, `last_update_user`, `version`, `allowable_values`, `custom_value`, `description`, `display_name`, `is_select`, `name`, `property_required`, `property_sensitive`, `fk_stops_id`) VALUES ('d80d3291cd5a475f8c72904164dbe767', NOW(), 'admin', b'1', NOW(), 'admin', 0, '[]', 'hdfs://10.0.88.109:8020/web/dblp/dblp.xml', 'xmlpath', 'xmlpath', b'0', 'xmlpath', b'0', b'0', '724c4783e52f4b22ad87d9ffc7a520e7');
INSERT INTO `flow_stops_property`(`id`, `crt_dttm`, `crt_user`, `enable_flag`, `last_update_dttm`, `last_update_user`, `version`, `allowable_values`, `custom_value`, `description`, `display_name`, `is_select`, `name`, `property_required`, `property_sensitive`, `fk_stops_id`) VALUES ('da94207c29bf48cd962ff4ccc701a233', NOW(), 'admin', b'1', NOW(), 'admin', 0, '[]', 'hdfs://10.0.88.109:8020/web/dblp/dblp.xml', 'xmlpath', 'xmlpath', b'0', 'xmlpath', b'0', b'0', 'e6e59ad9d63d4249887c49703fe2f8cd');
INSERT INTO `flow_stops_property`(`id`, `crt_dttm`, `crt_user`, `enable_flag`, `last_update_dttm`, `last_update_user`, `version`, `allowable_values`, `custom_value`, `description`, `display_name`, `is_select`, `name`, `property_required`, `property_sensitive`, `fk_stops_id`) VALUES ('db2b7d1c632a4b55a3c2d87b3135a131', NOW(), 'admin', b'1', NOW(), 'admin', 0, '[]', 'proceedings', 'Table', 'Table', b'0', 'table', b'0', b'0', '6234c3e144bd4fdbb9c171b7c923ced9');
INSERT INTO `flow_stops_property`(`id`, `crt_dttm`, `crt_user`, `enable_flag`, `last_update_dttm`, `last_update_user`, `version`, `allowable_values`, `custom_value`, `description`, `display_name`, `is_select`, `name`, `property_required`, `property_sensitive`, `fk_stops_id`) VALUES ('ded789f2a7c94fb7b90f9e9762cdc211', NOW(), 'admin', b'1', NOW(), 'admin', 0, '[]', 'hdfs://10.0.86.89:9000/xjzhu/phdthesis.csv', 'csvPath', 'csvPath', b'0', 'csvPath', b'0', b'0', 'd2266c3179de4c5385cef17985c03933');
INSERT INTO `flow_stops_property`(`id`, `crt_dttm`, `crt_user`, `enable_flag`, `last_update_dttm`, `last_update_user`, `version`, `allowable_values`, `custom_value`, `description`, `display_name`, `is_select`, `name`, `property_required`, `property_sensitive`, `fk_stops_id`) VALUES ('df4d78d49a5b4d48839b30374c9fae2c', NOW(), 'admin', b'1', NOW(), 'admin', 0, '[]', 'title,author,pages', 'schema', 'schema', b'0', 'schema', b'0', b'0', 'da9bc38d76ef4c20bcb26cf2f3c62300');
INSERT INTO `flow_stops_property`(`id`, `crt_dttm`, `crt_user`, `enable_flag`, `last_update_dttm`, `last_update_user`, `version`, `allowable_values`, `custom_value`, `description`, `display_name`, `is_select`, `name`, `property_required`, `property_sensitive`, `fk_stops_id`) VALUES ('e0c889f149a547fea414186f52bddbc9', NOW(), 'admin', b'1', NOW(), 'admin', 0, '[]', 'dblp_phdthesis', 'Table', 'Table', b'0', 'table', b'0', b'0', 'd68f29590a2845e1a8a944bccaf6b311');
INSERT INTO `flow_stops_property`(`id`, `crt_dttm`, `crt_user`, `enable_flag`, `last_update_dttm`, `last_update_user`, `version`, `allowable_values`, `custom_value`, `description`, `display_name`, `is_select`, `name`, `property_required`, `property_sensitive`, `fk_stops_id`) VALUES ('e35b30dd1aba478d84cb26f3da3a8476', NOW(), 'admin', b'1', NOW(), 'admin', 0, '[]', 'hdfs://10.0.86.89:9000/xjzhu/phdthesis_result.csv', 'csvSavePath', 'csvSavePath', b'0', 'csvSavePath', b'0', b'0', '229a334908e1441b91391e2983803f91');
INSERT INTO `flow_stops_property`(`id`, `crt_dttm`, `crt_user`, `enable_flag`, `last_update_dttm`, `last_update_user`, `version`, `allowable_values`, `custom_value`, `description`, `display_name`, `is_select`, `name`, `property_required`, `property_sensitive`, `fk_stops_id`) VALUES ('e6f8ce9416004d5aa3e50afad32d78b5', NOW(), 'admin', b'1', NOW(), 'admin', 0, '[]', ',', 'delimiter', 'delimiter', b'0', 'delimiter', b'0', b'0', '229a334908e1441b91391e2983803f91');
INSERT INTO `flow_stops_property`(`id`, `crt_dttm`, `crt_user`, `enable_flag`, `last_update_dttm`, `last_update_user`, `version`, `allowable_values`, `custom_value`, `description`, `display_name`, `is_select`, `name`, `property_required`, `property_sensitive`, `fk_stops_id`) VALUES ('e7bbf9f4c65a451f827701654aede47d', NOW(), 'admin', b'1', NOW(), 'admin', 0, '[]', ',', 'delimiter', 'delimiter', b'0', 'delimiter', b'0', b'0', 'd2266c3179de4c5385cef17985c03933');
INSERT INTO `flow_stops_property`(`id`, `crt_dttm`, `crt_user`, `enable_flag`, `last_update_dttm`, `last_update_user`, `version`, `allowable_values`, `custom_value`, `description`, `display_name`, `is_select`, `name`, `property_required`, `property_sensitive`, `fk_stops_id`) VALUES ('f27f9a429ced45ee8993d5917655f6a7', NOW(), 'admin', b'1', NOW(), 'admin', 0, '[]', 'phdthesis', 'Table', 'Table', b'0', 'table', b'0', b'0', '18d23fcb6dda488bade2c2ff6445ac50');
INSERT INTO `flow_stops_property`(`id`, `crt_dttm`, `crt_user`, `enable_flag`, `last_update_dttm`, `last_update_user`, `version`, `allowable_values`, `custom_value`, `description`, `display_name`, `is_select`, `name`, `property_required`, `property_sensitive`, `fk_stops_id`) VALUES ('f84227b4a27545e3b8b5041b5bced29c', NOW(), 'admin', b'1', NOW(), 'admin', 0, '[]', '', 'filePath', 'filePath', b'0', 'filePath', b'0', b'0', 'ee674c0e2c3f48ffb8320251af2457db');
INSERT INTO `flow_stops_property`(`id`, `crt_dttm`, `crt_user`, `enable_flag`, `last_update_dttm`, `last_update_user`, `version`, `allowable_values`, `custom_value`, `description`, `display_name`, `is_select`, `name`, `property_required`, `property_sensitive`, `fk_stops_id`) VALUES ('fa550f9ec8ef42278a6edada205af9b4', NOW(), 'admin', b'1', NOW(), 'admin', 0, '[]', 'corrupt_record,key,mdate,publtype,author,ee,i,isbn,month,note,number,pages,publisher,school,series,sub,sup,title,url,volume,year', 'schema', 'schema', b'0', 'schema', b'0', b'0', 'd5cc3ff19360423696e08d449bd80130');
INSERT INTO `flow_stops_property`(`id`, `crt_dttm`, `crt_user`, `enable_flag`, `last_update_dttm`, `last_update_user`, `version`, `allowable_values`, `custom_value`, `description`, `display_name`, `is_select`, `name`, `property_required`, `property_sensitive`, `fk_stops_id`) VALUES ('fb679cb8ccd149018a50c7d9a2986d02', NOW(), 'admin', b'1', NOW(), 'admin', 0, '[]', 'hdfs://10.0.86.89:9000/xjzhu/phdthesis.json', 'jsonSavePath', 'jsonSavePath', b'0', 'jsonSavePath', b'0', b'0', '827637466cf94b95a1ab9cce7105c3b3');
INSERT INTO `flow_stops_property`(`id`, `crt_dttm`, `crt_user`, `enable_flag`, `last_update_dttm`, `last_update_user`, `version`, `allowable_values`, `custom_value`, `description`, `display_name`, `is_select`, `name`, `property_required`, `property_sensitive`, `fk_stops_id`) VALUES ('fc317c34d2e6460d9ca950a65fb96c61', NOW(), 'admin', b'1', NOW(), 'admin', 0, '[]', '', 'savePath', 'savePath', b'0', 'savePath', b'0', b'0', '57cf60f9f7914d1e8c771c2a0865b7e6');
INSERT INTO `flow_stops_property`(`id`, `crt_dttm`, `crt_user`, `enable_flag`, `last_update_dttm`, `last_update_user`, `version`, `allowable_values`, `custom_value`, `description`, `display_name`, `is_select`, `name`, `property_required`, `property_sensitive`, `fk_stops_id`) VALUES ('fd5c79c99a3740499199d602d2580cf6', NOW(), 'admin', b'1', NOW(), 'admin', 0, '[]', '_corrupt_record->corrupt_record,_key->key,_mdate->mdate,_publtype->publtype', 'schema', 'schema', b'0', 'schema', b'0', b'0', 'd11a78d504d741a6a21b77e3803afd2f');
INSERT INTO `flow_stops_property`(`id`, `crt_dttm`, `crt_user`, `enable_flag`, `last_update_dttm`, `last_update_user`, `version`, `allowable_values`, `custom_value`, `description`, `display_name`, `is_select`, `name`, `property_required`, `property_sensitive`, `fk_stops_id`) VALUES ('fd634ff2bbbe43938bd89228dd3c216f', NOW(), 'admin', b'1', NOW(), 'admin', 0, '[]', 'hdfs://10.0.88.109:8020/web/dblp/dblp.xml', 'xmlpath', 'xmlpath', b'0', 'xmlpath', b'0', b'0', 'edcdbdb75ad24ea5a28d25c3bd594032');
INSERT INTO `flow_stops_property`(`id`, `crt_dttm`, `crt_user`, `enable_flag`, `last_update_dttm`, `last_update_user`, `version`, `allowable_values`, `custom_value`, `description`, `display_name`, `is_select`, `name`, `property_required`, `property_sensitive`, `fk_stops_id`) VALUES ('fe59df7ea7d749699576d57e33e43905', NOW(), 'admin', b'1', NOW(), 'admin', 0, '[]', 'hdfs://10.0.88.109:8020/web/dblp/dblp.xml', 'xmlpath', 'xmlpath', b'0', 'xmlpath', b'0', b'0', '27dd6e671508412789e18daba785d13a');


-- ----------------------------
-- Records of flow_path
-- ----------------------------
INSERT INTO `flow_path`(`id`, `crt_dttm`, `crt_user`, `enable_flag`, `last_update_dttm`, `last_update_user`, `version`, `line_from`, `line_inport`, `line_outport`, `page_id`, `line_to`, `fk_flow_id`) VALUES ('0b5605f63e604a19a0e5e220a9af71fa', NOW(), 'admin', b'1', NOW(), 'admin', 0, '56', '', '', '111', '65', 'c9c77d24b65942fb9665fbdbe8710236');
INSERT INTO `flow_path`(`id`, `crt_dttm`, `crt_user`, `enable_flag`, `last_update_dttm`, `last_update_user`, `version`, `line_from`, `line_inport`, `line_outport`, `page_id`, `line_to`, `fk_flow_id`) VALUES ('0c9f3b992fc84dcb90ec095447a01d09', NOW(), 'admin', b'1', NOW(), 'admin', 0, '90', '', '', '108', '68', 'c9c77d24b65942fb9665fbdbe8710236');
INSERT INTO `flow_path`(`id`, `crt_dttm`, `crt_user`, `enable_flag`, `last_update_dttm`, `last_update_user`, `version`, `line_from`, `line_inport`, `line_outport`, `page_id`, `line_to`, `fk_flow_id`) VALUES ('15d8e9957ceb4b60aec7fb6410902203', NOW(), 'admin', b'1', NOW(), 'admin', 0, '91', '', '', '94', '73', 'c9c77d24b65942fb9665fbdbe8710236');
INSERT INTO `flow_path`(`id`, `crt_dttm`, `crt_user`, `enable_flag`, `last_update_dttm`, `last_update_user`, `version`, `line_from`, `line_inport`, `line_outport`, `page_id`, `line_to`, `fk_flow_id`) VALUES ('1bf7780230ef4541a5952c7a417527fd', NOW(), 'admin', b'1', NOW(), 'admin', 0, '55', '', '', '95', '58', 'c9c77d24b65942fb9665fbdbe8710236');
INSERT INTO `flow_path`(`id`, `crt_dttm`, `crt_user`, `enable_flag`, `last_update_dttm`, `last_update_user`, `version`, `line_from`, `line_inport`, `line_outport`, `page_id`, `line_to`, `fk_flow_id`) VALUES ('21e1acf9318e4551ac9b70d2f9691306', NOW(), 'admin', b'1', NOW(), 'admin', 0, '68', '', '', '109', '62', 'c9c77d24b65942fb9665fbdbe8710236');
INSERT INTO `flow_path`(`id`, `crt_dttm`, `crt_user`, `enable_flag`, `last_update_dttm`, `last_update_user`, `version`, `line_from`, `line_inport`, `line_outport`, `page_id`, `line_to`, `fk_flow_id`) VALUES ('223efd6969064a148993a50a08683669', NOW(), 'admin', b'1', NOW(), 'admin', 0, '87', '', '', '115', '54', 'c9c77d24b65942fb9665fbdbe8710236');
INSERT INTO `flow_path`(`id`, `crt_dttm`, `crt_user`, `enable_flag`, `last_update_dttm`, `last_update_user`, `version`, `line_from`, `line_inport`, `line_outport`, `page_id`, `line_to`, `fk_flow_id`) VALUES ('2dbf623b76954923bc8159476f2afd5c', NOW(), 'admin', b'1', NOW(), 'admin', 0, '85', '', 'out6', '127', '70', 'c9c77d24b65942fb9665fbdbe8710236');
INSERT INTO `flow_path`(`id`, `crt_dttm`, `crt_user`, `enable_flag`, `last_update_dttm`, `last_update_user`, `version`, `line_from`, `line_inport`, `line_outport`, `page_id`, `line_to`, `fk_flow_id`) VALUES ('314bb51706c54cb2988bb5f10b9661db', NOW(), 'admin', b'1', NOW(), 'admin', 0, '59', '', '', '103', '69', 'c9c77d24b65942fb9665fbdbe8710236');
INSERT INTO `flow_path`(`id`, `crt_dttm`, `crt_user`, `enable_flag`, `last_update_dttm`, `last_update_user`, `version`, `line_from`, `line_inport`, `line_outport`, `page_id`, `line_to`, `fk_flow_id`) VALUES ('34201996af3f49798a56205b728b502b', NOW(), 'admin', b'1', NOW(), 'admin', 0, '76', '', '', '116', '88', 'c9c77d24b65942fb9665fbdbe8710236');
INSERT INTO `flow_path`(`id`, `crt_dttm`, `crt_user`, `enable_flag`, `last_update_dttm`, `last_update_user`, `version`, `line_from`, `line_inport`, `line_outport`, `page_id`, `line_to`, `fk_flow_id`) VALUES ('3a0514688eef4344bd3eac5bfd92d444', NOW(), 'admin', b'1', NOW(), 'admin', 0, '71', '', '', '114', '87', 'c9c77d24b65942fb9665fbdbe8710236');
INSERT INTO `flow_path`(`id`, `crt_dttm`, `crt_user`, `enable_flag`, `last_update_dttm`, `last_update_user`, `version`, `line_from`, `line_inport`, `line_outport`, `page_id`, `line_to`, `fk_flow_id`) VALUES ('46c79bf07c7049ed90caa6f0d1b2d967', NOW(), 'Add', b'1', NOW(), 'admin', 0, '5', 'data2', '', '8', '6', '0c4fdee973824a999e1569770677c020');
INSERT INTO `flow_path`(`id`, `crt_dttm`, `crt_user`, `enable_flag`, `last_update_dttm`, `last_update_user`, `version`, `line_from`, `line_inport`, `line_outport`, `page_id`, `line_to`, `fk_flow_id`) VALUES ('4da1ea3f8b2f4fddb1d8ce6a11191a0e', NOW(), 'Add', b'1', NOW(), 'admin', 0, '9', '', 'out2', '14', '13', '0c4fdee973824a999e1569770677c020');
INSERT INTO `flow_path`(`id`, `crt_dttm`, `crt_user`, `enable_flag`, `last_update_dttm`, `last_update_user`, `version`, `line_from`, `line_inport`, `line_outport`, `page_id`, `line_to`, `fk_flow_id`) VALUES ('576473d056a4400fb9b192097c6c9fd3', NOW(), 'Add', b'1', NOW(), 'admin', 0, '2', '', '', '4', '3', '0c4fdee973824a999e1569770677c020');
INSERT INTO `flow_path`(`id`, `crt_dttm`, `crt_user`, `enable_flag`, `last_update_dttm`, `last_update_user`, `version`, `line_from`, `line_inport`, `line_outport`, `page_id`, `line_to`, `fk_flow_id`) VALUES ('5e3a2eb78e5f4233a7ad220a11f41803', NOW(), 'admin', b'1', NOW(), 'admin', 0, '85', '', 'out3', '124', '60', 'c9c77d24b65942fb9665fbdbe8710236');
INSERT INTO `flow_path`(`id`, `crt_dttm`, `crt_user`, `enable_flag`, `last_update_dttm`, `last_update_user`, `version`, `line_from`, `line_inport`, `line_outport`, `page_id`, `line_to`, `fk_flow_id`) VALUES ('60e600f9428846f2974d11f1b5df4620', NOW(), 'admin', b'1', NOW(), 'admin', 0, '72', '', '', '97', '50', 'c9c77d24b65942fb9665fbdbe8710236');
INSERT INTO `flow_path`(`id`, `crt_dttm`, `crt_user`, `enable_flag`, `last_update_dttm`, `last_update_user`, `version`, `line_from`, `line_inport`, `line_outport`, `page_id`, `line_to`, `fk_flow_id`) VALUES ('6b13ac7587a1484db1eddb88f11d04ef', NOW(), 'admin', b'1', NOW(), 'admin', 0, '58', '', '', '96', '72', 'c9c77d24b65942fb9665fbdbe8710236');
INSERT INTO `flow_path`(`id`, `crt_dttm`, `crt_user`, `enable_flag`, `last_update_dttm`, `last_update_user`, `version`, `line_from`, `line_inport`, `line_outport`, `page_id`, `line_to`, `fk_flow_id`) VALUES ('70056f79546844bda306c120ddc00c03', NOW(), 'admin', b'1', NOW(), 'admin', 0, '64', '', '', '63', '85', 'c9c77d24b65942fb9665fbdbe8710236');
INSERT INTO `flow_path`(`id`, `crt_dttm`, `crt_user`, `enable_flag`, `last_update_dttm`, `last_update_user`, `version`, `line_from`, `line_inport`, `line_outport`, `page_id`, `line_to`, `fk_flow_id`) VALUES ('716706037a17452cbd24e275b648710a', NOW(), 'admin', b'1', NOW(), 'admin', 0, '74', '', '', '100', '48', 'c9c77d24b65942fb9665fbdbe8710236');
INSERT INTO `flow_path`(`id`, `crt_dttm`, `crt_user`, `enable_flag`, `last_update_dttm`, `last_update_user`, `version`, `line_from`, `line_inport`, `line_outport`, `page_id`, `line_to`, `fk_flow_id`) VALUES ('786bd0df22b3411097a8aaa0017e9d19', NOW(), 'admin', b'1', NOW(), 'admin', 0, '67', '', '', '92', '57', 'c9c77d24b65942fb9665fbdbe8710236');
INSERT INTO `flow_path`(`id`, `crt_dttm`, `crt_user`, `enable_flag`, `last_update_dttm`, `last_update_user`, `version`, `line_from`, `line_inport`, `line_outport`, `page_id`, `line_to`, `fk_flow_id`) VALUES ('7b1eabcf60a24947952ce6c538f13ab6', NOW(), 'admin', b'1', NOW(), 'admin', 0, '85', '', 'out5', '126', '89', 'c9c77d24b65942fb9665fbdbe8710236');
INSERT INTO `flow_path`(`id`, `crt_dttm`, `crt_user`, `enable_flag`, `last_update_dttm`, `last_update_user`, `version`, `line_from`, `line_inport`, `line_outport`, `page_id`, `line_to`, `fk_flow_id`) VALUES ('84e444bdcf424174b7d0748c0a438d19', NOW(), 'admin', b'1', NOW(), 'admin', 0, '85', '', 'out4', '125', '59', 'c9c77d24b65942fb9665fbdbe8710236');
INSERT INTO `flow_path`(`id`, `crt_dttm`, `crt_user`, `enable_flag`, `last_update_dttm`, `last_update_user`, `version`, `line_from`, `line_inport`, `line_outport`, `page_id`, `line_to`, `fk_flow_id`) VALUES ('854018f885b44a58a2339cf67cfbfe38', NOW(), 'admin', b'1', NOW(), 'admin', 0, '85', '', 'out8', '129', '76', 'c9c77d24b65942fb9665fbdbe8710236');
INSERT INTO `flow_path`(`id`, `crt_dttm`, `crt_user`, `enable_flag`, `last_update_dttm`, `last_update_user`, `version`, `line_from`, `line_inport`, `line_outport`, `page_id`, `line_to`, `fk_flow_id`) VALUES ('963fd72b32f3467281991c53092fa5a2', NOW(), 'Add', b'1', NOW(), 'admin', 0, '3', 'data1', '', '7', '6', '0c4fdee973824a999e1569770677c020');
INSERT INTO `flow_path`(`id`, `crt_dttm`, `crt_user`, `enable_flag`, `last_update_dttm`, `last_update_user`, `version`, `line_from`, `line_inport`, `line_outport`, `page_id`, `line_to`, `fk_flow_id`) VALUES ('9d3ccb6a1a7e492ab27fa6efd524b201', NOW(), 'admin', b'1', NOW(), 'admin', 0, '49', '', '', '113', '71', 'c9c77d24b65942fb9665fbdbe8710236');
INSERT INTO `flow_path`(`id`, `crt_dttm`, `crt_user`, `enable_flag`, `last_update_dttm`, `last_update_user`, `version`, `line_from`, `line_inport`, `line_outport`, `page_id`, `line_to`, `fk_flow_id`) VALUES ('a4e9d2e5a4ee4752960b82064e1b68d3', NOW(), 'admin', b'1', NOW(), 'admin', 0, '70', '', '', '110', '56', 'c9c77d24b65942fb9665fbdbe8710236');
INSERT INTO `flow_path`(`id`, `crt_dttm`, `crt_user`, `enable_flag`, `last_update_dttm`, `last_update_user`, `version`, `line_from`, `line_inport`, `line_outport`, `page_id`, `line_to`, `fk_flow_id`) VALUES ('a61c0fb13904426197e2b90a53b4566f', NOW(), 'admin', b'1', NOW(), 'admin', 0, '57', '', '', '93', '91', 'c9c77d24b65942fb9665fbdbe8710236');
INSERT INTO `flow_path`(`id`, `crt_dttm`, `crt_user`, `enable_flag`, `last_update_dttm`, `last_update_user`, `version`, `line_from`, `line_inport`, `line_outport`, `page_id`, `line_to`, `fk_flow_id`) VALUES ('b40c0e8141b448c9af5d9c9dbfd56f1c', NOW(), 'admin', b'1', NOW(), 'admin', 0, '75', '', '', '118', '51', 'c9c77d24b65942fb9665fbdbe8710236');
INSERT INTO `flow_path`(`id`, `crt_dttm`, `crt_user`, `enable_flag`, `last_update_dttm`, `last_update_user`, `version`, `line_from`, `line_inport`, `line_outport`, `page_id`, `line_to`, `fk_flow_id`) VALUES ('c1d2e3c089814540be4b8594038a6fce', NOW(), 'Add', b'1', NOW(), 'admin', 0, '9', '', 'out1', '12', '11', '0c4fdee973824a999e1569770677c020');
INSERT INTO `flow_path`(`id`, `crt_dttm`, `crt_user`, `enable_flag`, `last_update_dttm`, `last_update_user`, `version`, `line_from`, `line_inport`, `line_outport`, `page_id`, `line_to`, `fk_flow_id`) VALUES ('c6061804303040fcaab299e7cdfc3468', NOW(), 'admin', b'1', NOW(), 'admin', 0, '65', '', '', '112', '86', 'c9c77d24b65942fb9665fbdbe8710236');
INSERT INTO `flow_path`(`id`, `crt_dttm`, `crt_user`, `enable_flag`, `last_update_dttm`, `last_update_user`, `version`, `line_from`, `line_inport`, `line_outport`, `page_id`, `line_to`, `fk_flow_id`) VALUES ('cc3a064ef7b84bb9b47b37d5992634af', NOW(), 'admin', b'1', NOW(), 'admin', 0, '69', '', '', '104', '52', 'c9c77d24b65942fb9665fbdbe8710236');
INSERT INTO `flow_path`(`id`, `crt_dttm`, `crt_user`, `enable_flag`, `last_update_dttm`, `last_update_user`, `version`, `line_from`, `line_inport`, `line_outport`, `page_id`, `line_to`, `fk_flow_id`) VALUES ('cdf235f656cf44bbb7dd201bd1fb2f6b', NOW(), 'admin', b'1', NOW(), 'admin', 0, '66', '', '', '99', '74', 'c9c77d24b65942fb9665fbdbe8710236');
INSERT INTO `flow_path`(`id`, `crt_dttm`, `crt_user`, `enable_flag`, `last_update_dttm`, `last_update_user`, `version`, `line_from`, `line_inport`, `line_outport`, `page_id`, `line_to`, `fk_flow_id`) VALUES ('d32d1ec7083d4d739a5ccdc43c9ed3b1', NOW(), 'Add', b'1', NOW(), 'admin', 0, '6', '', '', '10', '9', '0c4fdee973824a999e1569770677c020');
INSERT INTO `flow_path`(`id`, `crt_dttm`, `crt_user`, `enable_flag`, `last_update_dttm`, `last_update_user`, `version`, `line_from`, `line_inport`, `line_outport`, `page_id`, `line_to`, `fk_flow_id`) VALUES ('dc167a7e5a1a4a8a8a14aa565cb45897', NOW(), 'admin', b'1', NOW(), 'admin', 0, '60', '', '', '98', '66', 'c9c77d24b65942fb9665fbdbe8710236');
INSERT INTO `flow_path`(`id`, `crt_dttm`, `crt_user`, `enable_flag`, `last_update_dttm`, `last_update_user`, `version`, `line_from`, `line_inport`, `line_outport`, `page_id`, `line_to`, `fk_flow_id`) VALUES ('e3ac5b6d115b47e4963cca435c9bdae8', NOW(), 'admin', b'1', NOW(), 'admin', 0, '130', '', '', '138', '64', 'c9c77d24b65942fb9665fbdbe8710236');
INSERT INTO `flow_path`(`id`, `crt_dttm`, `crt_user`, `enable_flag`, `last_update_dttm`, `last_update_user`, `version`, `line_from`, `line_inport`, `line_outport`, `page_id`, `line_to`, `fk_flow_id`) VALUES ('e5a76b801b1d479fb16cb2fe758c2d54', NOW(), 'Add', b'1', NOW(), 'admin', 0, '9', '', 'out3', '16', '15', '0c4fdee973824a999e1569770677c020');
INSERT INTO `flow_path`(`id`, `crt_dttm`, `crt_user`, `enable_flag`, `last_update_dttm`, `last_update_user`, `version`, `line_from`, `line_inport`, `line_outport`, `page_id`, `line_to`, `fk_flow_id`) VALUES ('e5f05c582ac64f9ab4e1ac342038c386', NOW(), 'admin', b'1', NOW(), 'admin', 0, '89', '', '', '106', '90', 'c9c77d24b65942fb9665fbdbe8710236');
INSERT INTO `flow_path`(`id`, `crt_dttm`, `crt_user`, `enable_flag`, `last_update_dttm`, `last_update_user`, `version`, `line_from`, `line_inport`, `line_outport`, `page_id`, `line_to`, `fk_flow_id`) VALUES ('e711832415814a87b402fbdaf950a271', NOW(), 'admin', b'1', NOW(), 'admin', 0, '85', '', 'out2', '123', '55', 'c9c77d24b65942fb9665fbdbe8710236');
INSERT INTO `flow_path`(`id`, `crt_dttm`, `crt_user`, `enable_flag`, `last_update_dttm`, `last_update_user`, `version`, `line_from`, `line_inport`, `line_outport`, `page_id`, `line_to`, `fk_flow_id`) VALUES ('f0e344c7b01c45888dfa459f10bb575d', NOW(), 'admin', b'1', NOW(), 'admin', 0, '85', '', 'out1', '122', '67', 'c9c77d24b65942fb9665fbdbe8710236');
INSERT INTO `flow_path`(`id`, `crt_dttm`, `crt_user`, `enable_flag`, `last_update_dttm`, `last_update_user`, `version`, `line_from`, `line_inport`, `line_outport`, `page_id`, `line_to`, `fk_flow_id`) VALUES ('f2f5be9e4f3d4915969e1fe5d98bdd0f', NOW(), 'admin', b'1', NOW(), 'admin', 0, '52', '', '', '105', '61', 'c9c77d24b65942fb9665fbdbe8710236');
INSERT INTO `flow_path`(`id`, `crt_dttm`, `crt_user`, `enable_flag`, `last_update_dttm`, `last_update_user`, `version`, `line_from`, `line_inport`, `line_outport`, `page_id`, `line_to`, `fk_flow_id`) VALUES ('f823c458b74b45e183c117407a9f607c', NOW(), 'admin', b'1', NOW(), 'admin', 0, '88', '', '', '117', '75', 'c9c77d24b65942fb9665fbdbe8710236');
INSERT INTO `flow_path`(`id`, `crt_dttm`, `crt_user`, `enable_flag`, `last_update_dttm`, `last_update_user`, `version`, `line_from`, `line_inport`, `line_outport`, `page_id`, `line_to`, `fk_flow_id`) VALUES ('fb38e3746a0545a099953c1e6d31a432', NOW(), 'admin', b'1', NOW(), 'admin', 0, '85', '', 'out7', '128', '49', 'c9c77d24b65942fb9665fbdbe8710236');

